Genus,Wort,Femeninum,Plural,Plural Femininum,Übersetzung,Beschreibung,Treffer Spanisch,Treffer Deutsch
r,Abfalleimer,-,-,-,Bote de basura,-,0/0 11-02-24,0/0 11-02-24
-,Arzt,Ärztin,⸚e,-nen,Doctor(a),-,0/0 11-02-24,1/1 11-02-24
r,Aufzug,-,⸚e,-,Elevador,-,1/2 11-02-24,1/2 11-02-24
-,Ausländer,Ausländerin,-,-nen,Extranjero(a),persona,1/1 14-02-25,1/3 13-02-25
s,Auto,-,-s,-,Coche,-,0/0 11-02-24,0/0 11-02-24
-,Freund,Freundin,-e,-nen,Amigo(a),-,1/1 11-02-24,0/0 11-02-24
s,Baby,-,-s,-,Bebé,-,0/0 11-02-24,1/1 11-02-24
e,Badewanne,-,-n,-,Bañera,-,0/0 11-02-24,2/4 14-02-25
s,Badezimmer,-,-,-,Baño,-,0/0 11-02-24,2/2 13-02-25
s,Bad,-,⸚er,-,Baño,-,0/0 11-02-24,1/2 11-02-24
s,Klo,-,-s,-,Inodoro,-,0/0 11-02-24,1/2 14-02-25
-,Mieter,Mieterin,-,-nen,Inquilino(a),-,1/2 14-02-25,0/0 11-02-24
r,Balkon,-,-e,-,Balcón,-,1/1 14-02-25,0/0 11-02-24
e,Batterie,-,-n,-,Batería,-,0/0 11-02-24,0/0 11-02-24
s,Becken,-,-,-,Lavabo,hoyo,0/0 11-02-24,0/0 11-02-24
r,Beruf,-,-e,-,Profesión,-,0/0 11-02-24,1/2 11-02-24
s,Bett,-,-en,-,Cama,-,0/0 11-02-24,1/2 11-02-24
s,Bild,-,-er,-,Cuadro,-,0/0 11-02-24,0/0 11-02-24
r,Bleistift,-,-e,-,Lápiz,-,0/0 11-02-24,0/0 11-02-24
s,Bücherregal,-,-e,-,Librero,-,0/0 11-02-24,1/4 11-02-24
s,Dach,-,⸚er,-,Techo,-,0/0 11-02-24,0/0 11-02-24
r,Elektroherd,-,-e,-,Estufa eléctrica,-,0/0 11-02-24,0/0 11-02-24
s,Esszimmer,-,-,-,Comedor,privado,0/0 11-02-24,0/0 11-02-24
e,Kantine,-,-n,-,Cafetería/Comedor,colectivo,0/0 11-02-24,0/0 11-02-24
s,Fenster,-,-,-,Ventana,-,0/0 11-02-24,0/0 11-02-24
r,Fernsehapparat,-,-e,-,Televisor,-,1/1 14-02-25,1/1 14-02-25
r,Fernseher,-,-,-,Televisor,-,0/0 11-02-24,0/0 11-02-24
s,Foto,-,-s,-,Foto,-,0/0 11-02-24,1/1 11-02-24
e,Frisierkommode,-,-n,-,Tocador,-,0/0 11-02-24,0/0 11-02-24
e,Garage,-,-n,-,Cochera,-,0/0 11-02-24,2/4 11-02-24
s,Geschirr,-,-e,-,Vajilla,-,0/0 11-02-24,2/3 14-02-25
r,Geschirrspüler,-,-,-,Lavaplatos,-,1/1 13-02-25,0/0 11-02-24
e,Spülmaschine,-,-n,-,Lavaplatos,-,1/1 14-02-25,0/0 11-02-24
e,Glühbirne,-,-n,-,Foco,-,1/2 11-02-24,0/0 11-02-24
s,Handy,-,-s,-,Celular,-,0/0 11-02-24,1/1 14-02-25
s,Haus,-,⸚er,-,Casa,-,0/0 11-02-24,0/0 11-02-24
r,Herd,-,-e,-,Estufa,-,0/0 11-02-24,0/0 11-02-24
s,Hobby,-,-s,-,Pasatiempo,-,0/0 11-02-24,0/0 11-02-24
e,Kamera,-,-s,-,Cámara,-,0/0 11-02-24,0/0 11-02-24
r,Fotoapparat,-,-e,-,Cámara,-,0/0 11-02-24,0/0 11-02-24
r,Kamin,-,-e,-,Chimenea,-,0/0 11-02-24,0/0 11-02-24
s,Kind,-,-er,-,Niño,-,0/0 11-02-24,0/0 11-02-24
r,Kleiderschrank,-,⸚e,-,Armario,-,0/0 11-02-24,0/0 11-02-24
s,Kochfeld,-,-er,-,Estufa,placa,1/2 15-02-25,1/2 14-02-25
s,Kopfkissen,-,-,-,Almohada,-,0/0 11-02-24,1/2 11-02-24
s,Kissen,-,-,-,Cojín,-,0/0 11-02-24,0/0 11-02-24
e,Küche,-,-n,-,Cocina,-,1/1 11-02-24,1/2 11-02-24
r,Kugelschreiber,-,-,-,Pluma,-,0/0 11-02-24,1/2 15-02-25
r,Kühlschrank,-,⸚e,-,Refrigerador,-,0/0 11-02-24,0/0 11-02-24
e,Lampe,-,-n,-,Lámpara,-,0/0 11-02-24,0/0 11-02-24
s,Licht,-,-er,-,Luz,-,1/2 11-02-24,1/1 14-02-25
s,Land,-,⸚er,-,País,-,0/0 11-02-24,0/0 11-02-24
s,Mädchen,-,-,-,Niña,-,0/0 11-02-24,0/0 11-02-24
e,Matratze,-,-n,-,Colchón,-,0/0 11-02-24,0/0 11-02-24
e,Mikrowelle,-,-n,-,Microondas,-,0/0 11-02-24,1/2 13-02-25
e,Mine,-,-n,-,Puntilla,-,0/0 11-02-24,1/2 11-02-24
r,Name,-,-n,-,Nombre,-,0/0 11-02-24,1/2 11-02-24
s,Radio,-,-s,-,Radio,-,0/0 11-02-24,0/0 11-02-24
e,Wiese,-,-n,-,Prado,-,0/0 11-02-24,0/0 11-02-24
e,Erde,-,-n,-,Tierra,-,0/0 11-02-24,0/0 11-02-24
s,Regal,-,-e,-,Repisa,abierta,1/2 14-02-25,0/0 11-02-24
s,Schlafzimmer,-,-,-,Recámara,-,0/0 11-02-24,0/0 11-02-24
s,Schwimmbad,-,⸚er,-,Alberca,-,1/2 14-02-25,1/2 14-02-25
r,Schrank,-,⸚e,-,Estante,cerrado,1/2 14-02-25,0/0 11-02-24
r,Sessel,-,-,-,Sillón,-,1/1 14-02-25,1/2 15-02-25
s,Sofa,-,-s,-,Sofá,-,0/0 11-02-24,1/1 11-02-24
s,Bettsofa,-,-s,-,Sofá cama,-,0/0 11-02-24,0/0 11-02-24
r,Spiegel,-,-,-,Espejo,-,0/0 11-02-24,1/1 11-02-24
e,Spüle,-,-n,-,Fregadero,-,0/0 11-02-24,1/2 11-02-24
e,Steckdose,-,-n,-,Enchufe,-,0/0 11-02-24,1/2 15-02-25
r,Stecker,-,-,-,Clavija,-,0/0 11-02-24,0/0 11-02-24
r,Stuhl,-,⸚e,-,Silla,-,0/0 11-02-24,1/1 11-02-24
r,Kinderstuhl,-,⸚e,-,Silla de niño,-,0/0 11-02-24,0/0 11-02-24
r,Taschenrechner,-,-,-,Calculadora,-,0/0 11-02-24,1/2 15-02-25
s,Telefon,-,-e,-,Teléfono,-,0/0 11-02-24,1/2 11-02-24
r,Teppich,-,-e,-,Alfombra,-,0/0 11-02-24,0/0 11-02-24
e,Terrasse,-,-n,-,Terraza,-,0/0 11-02-24,0/0 11-02-24
r,Tisch,-,-e,-,Mesa,-,0/0 11-02-24,0/0 11-02-24
e,Toilette,-,-n,-,Inodoro,-,0/0 11-02-24,1/2 14-02-25
r,Topf,-,⸚e,-,Olla,-,1/3 14-02-25,0/0 11-02-24
e,Treppe,-,-n,-,Escalera,fija,2/3 11-02-24,0/0 11-02-24
e,Leiter,-,-n,-,Escalera,portátil,0/0 11-02-24,0/0 11-02-24
e,Tür,-,-en,-,Puerta,-,0/0 11-02-24,0/0 11-02-24
s,Tor,-,-e,-,Puerta/Gol,-,0/0 11-02-24,0/0 11-02-24
e,Uhr,-,-en,-,Reloj,-,1/1 14-02-25,1/2 11-02-24
r,Vorhang,-,⸚e,-,Cortina,-,1/2 11-02-24,0/0 11-02-24
e,Wand,-,⸚e,-,Pared,-,0/0 11-02-24,0/0 11-02-24
s,Waschbecken,-,-,-,Lavabo,completo,1/3 11-02-24,1/3 11-02-24
e,Waschmaschine,-,-n,-,Lavadora,-,1/2 11-02-24,0/0 11-02-24
r,Wasserhahn,-,⸚e,-,Llave de agua,-,0/0 11-02-24,0/0 11-02-24
r,Wecker,-,-,-,Despertador,-,0/0 11-02-24,0/0 11-02-24
r,Wolf,-,⸚e,-,Lobo,-,0/0 11-02-24,0/0 11-02-24
s,Wohnzimmer,-,-,-,Sala,-,0/0 11-02-24,0/0 11-02-24
e,Zahl,-,-en,-,Número,general,0/0 11-02-24,0/0 11-02-24
e,Nummer,-,-n,-,Número,-,0/0 11-02-24,1/2 14-02-25
e,Kirsche,-,-n,-,Cereza,-,1/3 15-02-25,1/2 11-02-24
r,Pfirsich,-,-e,-,Durazno,-,0/0 11-02-24,1/2 14-02-25
r,Apfel,-,⸚,-,Manzana,-,0/0 11-02-24,1/1 14-02-25
e,Brombeere,-,-n,-,Zarzamora,-,0/0 11-02-24,0/0 11-02-24
e,Erdbeere,-,-n,-,Fresa,-,0/0 11-02-24,0/0 11-02-24
e,Birne,-,-n,-,Pera,-,0/0 11-02-24,0/0 11-02-24
e,Orange,-,-n,-,Naranja,-,0/0 11-02-24,1/1 15-02-25
e,Feige,-,-n,-,Higo,-,0/0 11-02-24,0/0 11-02-24
e,Ananas,-,-se,-,Piña,-,0/0 11-02-24,1/2 11-02-24
e,Zuckermelone,-,-n,-,Melón,-,1/2 11-02-24,0/0 11-02-24
e,Wassermelone,-,-n,-,Sandía,-,0/0 11-02-24,1/2 11-02-24
e,Traube,-,-n,-,Uva,-,0/0 11-02-24,0/0 11-02-24
e,Weintraube,-,-n,-,Uva,-,1/2 11-02-24,0/0 11-02-24
e,Banane,-,-n,-,Plátano,-,0/0 11-02-24,0/0 11-02-24
e,Plantainbanane,-,-n,-,Plátano macho,-,0/0 11-02-24,0/0 11-02-24
e,Zitrone,-,-n,-,Limón,-,0/0 11-02-24,1/1 13-02-25
e,Pflaume,-,-n,-,Ciruela,-,1/2 11-02-24,0/0 11-02-24
e,Tomate,-,-n,-,Tomate,-,0/0 11-02-24,0/0 11-02-24
e,Kartoffel,-,-n,-,Papa,-,1/1 11-02-24,0/0 11-02-24
e,Karotte,-,-n,-,Zanahoria,-,0/0 11-02-24,0/0 11-02-24
e,Zwiebel,-,-n,-,Cebolla,-,1/2 11-02-24,1/2 14-02-25
e,Gurke,-,-n,-,Pepino,-,0/0 11-02-24,0/0 11-02-24
e,Paprika,-,-s,-,Chile,-,0/0 11-02-24,0/0 11-02-24
r,Jalapeño-Chili,-,-s,-,Chile jalapeño,-,0/0 11-02-24,1/3 14-02-25
e,Bohne,-,-n,-,Frijol,-,2/4 11-02-24,0/0 11-02-24
e,Kokosnuss,-,⸚e,-,Coco,-,0/0 11-02-24,0/0 11-02-24
r,Granatapfel,-,⸚,-,Granada,-,0/0 11-02-24,1/2 11-02-24
e,Mango,-,-s,-,Mango,-,0/0 11-02-24,1/2 11-02-24
e,Papaya,-,-s,-,Papaya,-,0/0 11-02-24,0/0 11-02-24
e,Grapefruit,-,-s,-,Toronja,-,0/0 11-02-24,0/0 11-02-24
e,Auberine,-,-n,-,Berenjena,-,0/0 11-02-24,0/0 11-02-24
r,Kürbis,-,-se,-,Calabaza,-,1/2 11-02-24,0/0 11-02-24
e,Tomatillo,-,-s,-,Tomatillo,-,1/2 14-02-25,2/4 14-02-25
s,Radieschen,-,-,-,Rábano,-,0/0 11-02-24,0/0 11-02-24
e,Avocado,-,-s,-,Aguacate,-,0/0 11-02-24,0/0 11-02-24
r,Sellerie,-,-,-,Apio,-,0/0 11-02-24,0/0 11-02-24
e,Chayote,-,-n,-,Chayote,-,0/0 11-02-24,0/0 11-02-24
e,Olive,-,-n,-,Aceituna,-,1/1 11-02-24,1/2 11-02-24
r,Friséesalat,-,-e,-,Lechuga francesa,-,0/0 11-02-24,1/3 11-02-24
e,Frühlingszwiebel,-,-n,-,Cebollín,-,0/0 11-02-24,1/3 14-02-25
r,Koblauch,-,-,-,Ajo,-,0/0 11-02-24,0/0 11-02-24
r,Knopfsalat,-,-e,-,Lechuga orejona,-,1/2 14-02-25,0/0 11-02-24
r,Spargel,-,-,-,Espárrago,-,1/2 14-02-25,1/2 14-02-25
e,Zucchini,-,-s,-,Calabacita,-,0/0 11-02-24,0/0 11-02-24
e,Zuckerschote,-,-n,-,Ejote,-,0/0 11-02-24,0/0 11-02-24
s,Ei,-,-er,-,Huevo,-,0/0 11-02-24,0/0 11-02-24
s,Hähnchen,-,-,-,Pollo,-,0/0 11-02-24,1/3 14-02-25
s,Taxi,-,-s,-,Taxi,-,0/0 11-02-24,0/0 11-02-24
-,Frisör,Frisöse,-e,-n,Peluquero(a),-,1/2 11-02-24,0/0 11-02-24
r,Hamburger,-,-,-,Hamburguesa,-,0/0 11-02-24,0/0 11-02-24
r,Kuchen,-,-,-,Pastel,-,0/0 11-02-24,1/1 11-02-24
s,Eis,-,-,-,Helado,-,0/0 11-02-24,1/1 14-02-25
e,Pizza,-,-s,-,Pizza,-,1/1 11-02-24,1/1 14-02-25
s,Bier,-,-e,-,Cerveza,-,1/1 11-02-24,0/0 11-02-24
s,Wasser,-,-,-,Agua,-,2/2 14-02-25,2/2 11-02-24
s,Mineralwasser,-,-,-,Agua mineral,-,1/1 11-02-24,1/1 14-02-25
s,Brot,-,-e,-,Pan,-,0/0 11-02-24,0/0 11-02-24
s,Marmeladebrot,-,-e,-,Pan con mermelada,-,1/2 14-02-25,2/2 15-02-25
s,Schwarzbrot,-,-e,-,Pan negro,-,0/0 11-02-24,1/2 14-02-25
s,Fleisch,-,-,-,Carne,-,0/0 11-02-24,2/2 15-02-25
s,Gemüse,-,-,-,Verdura,-,0/0 11-02-24,1/2 11-02-24
s,Obst,-,-,-,Fruta,-,0/0 11-02-24,1/2 11-02-24
s,Getränk,-,-e,-,Bebida,-,0/0 11-02-24,0/0 11-02-24
s,Essen,-,-,-,Comida,-,0/0 11-02-24,0/0 11-02-24
s,Mittagessen,-,-,-,Almuerzo,-,0/0 11-02-24,0/0 11-02-24
s,Frühstück,-,-e,-,Desayuno,-,0/0 11-02-24,1/2 11-02-24
s,Abendessen,-,-,-,Cena,-,2/3 11-02-24,0/0 11-02-24
s,Cola,-,-s,-,Refresco,-,0/0 11-02-24,0/0 11-02-24
r,Wein,-,-e,-,Vino,-,1/1 15-02-25,1/1 11-02-24
r,Rotwein,-,-e,-,Vino tinto,-,0/0 11-02-24,0/0 11-02-24
r,Saft,-,⸚e,-,Jugo,-,0/0 11-02-24,1/1 14-02-25
r,Orangensaft,-,-e,-,Jugo de naranja,-,0/0 11-02-24,1/1 11-02-24
r,Käse,-,-,-,Queso,-,0/0 11-02-24,0/0 11-02-24
r,Fisch,-,-e,-,Pescado,-,2/2 11-02-24,0/0 11-02-24
e,Jacke,-,-n,-,Chamarra,-,0/0 11-02-24,1/2 11-02-24
e,Suppe,-,-n,-,Sopa,-,0/0 11-02-24,1/1 11-02-24
e,Rindfleischsuppe,-,-n,-,Sopa de carne de vaca,-,0/0 11-02-24,0/0 11-02-24
e,Zwiebelsuppe,-,-n,-,Sopa de cebolla,-,1/2 14-02-25,0/0 11-02-24
r,Salat,-,-e,-,Ensalada,-,0/0 11-02-24,0/0 11-02-24
r,Kartoffelsalat,-,-e,-,Ensalada de papas,-,0/0 11-02-24,0/0 11-02-24
r,Obstsalat,-,-e,-,Ensalada de frutas,-,0/0 11-02-24,0/0 11-02-24
e,Wurst,-,⸚e,-,Salchicha,-,0/0 11-02-24,1/2 11-02-24
e,Bratwurst,-,⸚e,-,Salchicha frita,-,0/0 11-02-24,2/4 14-02-25
r,Reis,-,-e,-,Arroz,-,0/0 11-02-24,0/0 11-02-24
e,Nudel,-,-n,-,Pasta,-,0/0 11-02-24,0/0 11-02-24
e,Zahnpasta,-,-pasten,-,Pasta de dientes,-,0/0 11-02-24,1/3 15-02-25
r,Keks,-,-e,-,Galleta,-,0/0 11-02-24,1/2 14-02-25
r,Kaffee,-,-s,-,Café,-,0/0 11-02-24,0/0 11-02-24
r,Tee,-,-s,-,Té,-,1/1 14-02-25,0/0 11-02-24
r,Kakao,-,-s,-,Chocolate,semilla,0/0 11-02-24,0/0 11-02-24
e,Schokolade,-,-n,-,Chocolate,dulce,0/0 11-02-24,1/1 14-02-25
e,Milch,-,-en,-,Leche,-,1/1 11-02-24,0/0 11-02-24
r,Zucker,-,-,-,Azúcar,-,0/0 11-02-24,0/0 11-02-24
r,Honig,-,-,-,Miel,-,0/0 11-02-24,0/0 11-02-24
r,Pfeffer,-,-,-,Pimienta,-,0/0 11-02-24,0/0 11-02-24
r,Salz,-,-,-,Sal,-,0/0 11-02-24,1/2 11-02-24
e,Butter,-,-n,-,Mantequilla,-,0/0 11-02-24,0/0 11-02-24
r,Mantel,-,-,-,Abrigo,-,0/0 11-02-24,2/3 15-02-25
r,Hut,-,⸚e,-,Sombrero,-,0/0 11-02-24,0/0 11-02-24
r,Rock,-,⸚e,-,Falda,-,0/0 11-02-24,1/1 11-02-24
r,Schinken,-,-,-,Jamón,-,0/0 11-02-24,0/0 11-02-24
r,Speck,-,-,-,Tocino,-,0/0 11-02-24,0/0 11-02-24
r,Ketchup,-,-,-,Catsup,-,0/0 11-02-24,0/0 11-02-24
e,Bluse,-,-n,-,Blusa,-,0/0 11-02-24,1/2 11-02-24
r,Senf,-,-,-,Mostaza,-,0/0 11-02-24,0/0 11-02-24
r,Essig,-,-e,-,Vinagre,-,0/0 11-02-24,0/0 11-02-24
r,Öl,-,-e,-,Aceite,-,1/1 11-02-24,0/0 11-02-24
e,Soße,-,-n,-,Salsa,-,0/0 11-02-24,0/0 11-02-24
s,Fitnessstudio,-,-s,-,Gimnasio,-,0/0 11-02-24,0/0 11-02-24
e,Daten,-,-,-,Datos,-,0/0 11-02-24,0/0 11-02-24
e,Massageliege,-,-n,-,Camilla de masaje,-,1/2 14-02-25,0/0 11-02-24
e,Massage,-,-n,-,Masaje,-,0/0 11-02-24,0/0 11-02-24
e,Bank,-,⸚e,-,Banco,de sentarse o de dinero,0/0 11-02-24,1/2 11-02-24
e,Sitzbank,-,⸚e,-,Banca,-,0/0 11-02-24,1/3 11-02-24
r,Monitor,-,-e,-,Monitor,-,0/0 11-02-24,0/0 11-02-24
r,Computer,-,-,-,Computadora,-,0/0 11-02-24,0/0 11-02-24
r,Schreibtisch,-,-e,-,Escritorio,-,0/0 11-02-24,0/0 11-02-24
e,Essensbar,-,-s,-,Barra de comida,-,1/2 11-02-24,0/0 11-02-24
s,Toilettenbecken,-,-,-,Taza de baño,-,0/0 11-02-24,0/0 11-02-24
e,Gießkanne,-,-n,-,Regadera,-,0/0 11-02-24,0/0 11-02-24
e,Klasse,-,-n,-,Clase,grupo de alumnos,0/0 11-02-24,1/1 11-02-24
r,Unterricht,-,-e,-,Clase,lección,1/1 15-02-25,1/2 14-02-25
r,Schweinebraten,-,-,-,Lomo de cerdo,-,1/2 11-02-24,0/0 11-02-24
r,Käsekuchen,-,-,-,Pastel de queso,-,0/0 11-02-24,1/2 11-02-24
s,Rindersteak,-,-s,-,Filete de res,-,1/2 13-02-25,1/2 11-02-24
r,Früchtebecher,-,-,-,Frutero,-,0/0 11-02-24,1/2 14-02-25
s,Hauptgericht,-,-e,-,Plato principal,-,0/0 11-02-24,1/4 13-02-25
e,Fischplatte,-,-n,-,Plato de pescado,-,0/0 11-02-24,0/0 11-02-24
r,Nachtisch,-,-,-,Postre,-,0/0 11-02-24,0/0 11-02-24
s,Kotelett,-,-s,-,Chuleta,-,0/0 11-02-24,1/2 11-02-24
e,Kleidung,-,-en,-,Ropa,general,0/0 11-02-24,0/0 11-02-24
e,Kleider,-,-,-,Ropa,formal,0/0 11-02-24,0/0 11-02-24
e,Wäsche,-,-,-,Ropa sucia,-,0/0 11-02-24,0/0 11-02-24
e,Bettwäsche,-,-,-,Ropa de cama,-,1/2 14-02-25,1/2 11-02-24
s,Kleid,-,-er,-,Vestido,-,0/0 11-02-24,0/0 11-02-24
r,Text,-,-e,-,Texto,-,0/0 11-02-24,0/0 11-02-24
e,Hose,-,-n,-,Pantalón,-,0/0 11-02-24,1/2 14-02-25
r,Strumpf,_,⸚e,-,Calceta/Media,-,0/0 11-02-24,0/0 11-02-24
r,Ofen,-,⸚,-,Horno,-,0/0 11-02-24,1/2 11-02-24
s,Buch,-,⸚er,-,Libro,-,1/1 11-02-24,0/0 11-02-24
r,Baum,-,⸚e,-,Árbol,-,0/0 11-02-24,1/1 11-02-24
s,Spielzeug,-,-e,-,Juguete,-,0/0 11-02-24,0/0 11-02-24
s,Möbel,-,-,-,Mueble,-,0/0 11-02-24,0/0 11-02-24
r,Blumentopf,-,-töpfe,-,Maceta,-,1/2 11-02-24,1/3 11-02-24
e,Schublade,-,-n,-,Cajón,-,0/0 11-02-24,1/2 11-02-24
e,Schere,-,-n,-,Tijeras,singular,0/0 11-02-24,0/0 11-02-24
e,Blume,-,-n,-,Flor,-,0/0 11-02-24,0/0 11-02-24
r,Rucksack,-,-säcke,-,Mochila,-,1/2 11-02-24,0/0 11-02-24
e,Kommode,-,-n,-,Cómoda,-,0/0 11-02-24,0/0 11-02-24
s,Heft,-,-e,-,Cuaderno,-,0/0 11-02-24,1/2 11-02-24
s,Flugzeug,-,-e,-,Avión,-,0/0 11-02-24,0/0 11-02-24
s,Lineal,-,-e,-,Regla,instrumento,0/0 11-02-24,1/2 14-02-25
e,Regel,-,-n,-,Regla,norma,0/0 11-02-24,1/2 14-02-25
e,Puppe,-,-n,-,Muñeca,-,0/0 11-02-24,0/0 11-02-24
e,Garderobe,-,-n,-,Guardarropa,-,0/0 11-02-24,0/0 11-02-24
r,Flur,-,-e,-,Pasillo,-,0/0 11-02-24,0/0 11-02-24
s,Mittel,-,-,-,Medio,-,0/0 11-02-24,0/0 11-02-24
e,Umwelt,-,-,-,Medio ambiente,-,0/0 11-02-24,1/2 14-02-25
r,Hof,-,⸚e,-,Patio,-,0/0 11-02-24,1/2 11-02-24
e,Pflanze,-,-n,-,Planta,-,0/0 11-02-24,1/2 11-02-24
r,Stock,-,⸚e,-,Piso/Planta,-,2/3 15-02-25,1/2 11-02-24
s,Erdgeschoss,-,-e,-,Planta baja,-,0/0 11-02-24,0/0 11-02-24
r,Keller,-,-,-,Sótano,-,0/0 11-02-24,1/2 14-02-25
r,Dachboden,-,⸚,-,Ático,-,0/0 11-02-24,1/2 11-02-24
r,Garten,-,⸚,-,Jardín,-,0/0 11-02-24,0/0 11-02-24
r,Kindergarten,-,⸚,-,Jardín de niños,-,0/0 11-02-24,0/0 11-02-24
r,Raum,-,⸚e,-,Habitación,-,1/2 15-02-25,1/2 14-02-25
r,Boden,-,⸚,-,Suelo,-,1/2 14-02-25,0/0 11-02-24
e,Heizung,-,-en,-,Calefacción,-,0/0 11-02-24,0/0 11-02-24
e,Sauna,-,-Saunen,-,Sauna,-,0/0 11-02-24,1/2 15-02-25
r,Gast,-,⸚e,-,Invitado,-,0/0 11-02-24,0/0 11-02-24
r,Gasthof,-,⸚e,-,Posada/Casa de huéspedes,-,0/0 11-02-24,0/0 11-02-24
s,Stadthaus,-,⸚er,-,Casa de la ciudad,-,0/0 11-02-24,1/2 14-02-25
s,Hotel,-,-s,-,Hotel,-,0/0 11-02-24,2/2 14-02-25
s,Garagendach,-,⸚er,-,Techo del garaje,-,0/0 11-02-24,0/0 11-02-24
e,Stadt,-,⸚e,-,Ciudad,-,0/0 11-02-24,1/2 14-02-25
e,Kirche,-,-n,-,Iglesia,-,0/0 11-02-24,0/0 11-02-24
s,Schloss,-,⸚er,-,Castillo,-,1/1 11-02-24,1/2 11-02-24
s,Rathaus,-,⸚er,-,Ayuntamiento,-,1/1 14-02-25,0/0 11-02-24
s,Museum,-,Museen,-,Museo,-,0/0 11-02-24,0/0 11-02-24
s,Theater,-,-,-,Teatro,-,0/0 11-02-24,1/2 11-02-24
s,Kino,-,-s,-,Cine,-,0/0 11-02-24,0/0 11-02-24
s,Café,-,-s,-,Cafetería,-,0/0 11-02-24,0/0 11-02-24
s,Restaurant,-,-s,-,Restaurante,-,1/2 15-02-25,1/2 11-02-24
s,Geschäft,-,-e,-,Tienda/Negocio,-,0/0 11-02-24,1/4 14-02-25
r,Laden,-,⸚,-,Tienda/Negocio,-,0/0 11-02-24,1/2 11-02-24
s,Kaufhaus,-,⸚er,-,Tienda departamental,-,0/0 11-02-24,1/2 11-02-24
s,Zelt,-,-e,-,Tienda de campaña,-,0/0 11-02-24,1/2 14-02-25
s,Krankenhaus,-,⸚er,-,Hospital,-,0/0 11-02-24,0/0 11-02-24
s,Schwimmbad,-,⸚er,-,Piscina,-,1/3 15-02-25,1/2 11-02-24
s,Stadttor,-,-e,-,Puerta de la ciudad,-,0/0 11-02-24,0/0 11-02-24
r,Strand,-,⸚e,-,Playa,-,0/0 11-02-24,1/1 11-02-24
r,See,-,-n,-,Lago,-,0/0 11-02-24,0/0 11-02-24
r,Fluss,-,⸚e,-,Río,-,0/0 11-02-24,1/2 11-02-24
r,Berg,-,-e,-,Montaña,-,0/0 11-02-24,1/2 11-02-24
r,Wald,-,⸚er,-,Bosque,-,1/2 11-02-24,1/2 11-02-24
r,Hafen,-,⸚,-,Puerto,-,0/0 11-02-24,0/0 11-02-24
r,Hügel,-,-,-,Colina,-,0/0 11-02-24,0/0 11-02-24
r,Park,-,-s,-,Parque,-,0/0 11-02-24,0/0 11-02-24
r,Platz,-,⸚e,-,Plaza,-,0/0 11-02-24,0/0 11-02-24
r,Krippenplatz,-,⸚e,-,Plaza en guardería,-,1/3 11-02-24,0/0 11-02-24
r,Bahnhof,-,⸚e,-,Estación de tren,-,1/2 11-02-24,0/0 11-02-24
r,Busbahnhof,-,⸚e,-,Estación de autobuses,-,0/0 11-02-24,1/2 14-02-25
r,Flughafen,-,⸚,-,Aeropuerto,-,0/0 11-02-24,0/0 11-02-24
e,Bushaltestelle,-,-n,-,Parada de autobús,-,0/0 11-02-24,1/2 11-02-24
e,Haltestelle,-,-n,-,Parada,-,0/0 11-02-24,1/2 14-02-25
e,U-Bahn,-,-en,-,Metro,transporte,0/0 11-02-24,0/0 11-02-24
r,Meter,-,-,-,Metro,medida,1/1 11-02-24,1/1 11-02-24
e,Straßenbahn,-,-en,-,Tranvía,-,0/0 11-02-24,0/0 11-02-24
e,Ampel,-,-n,-,Semáforo,-,0/0 11-02-24,1/2 11-02-24
e,Kreuzung,-,-en,-,Cruce,-,0/0 11-02-24,1/2 11-02-24
e,Brücke,-,-n,-,Puente,-,1/2 14-02-25,0/0 11-02-24
e,Straße,-,-n,-,Calle,-,1/1 15-02-25,0/0 11-02-24
e,Autobahn,-,-en,-,Autopista,-,0/0 11-02-24,1/2 11-02-24
e,Landstraße,-,-n,-,Carretera,-,0/0 11-02-24,1/2 14-02-25
e,Gasse,-,-n,-,Callejón,-,0/0 11-02-24,1/3 14-02-25
e,Allee,-,-n,-,Avenida,-,0/0 11-02-24,0/0 11-02-24
e,Ecke,-,-n,-,Esquina,-,0/0 11-02-24,1/2 11-02-24
e,Kurve,-,-n,-,Curva,-,0/0 11-02-24,1/2 11-02-24
e,Adresse,-,-n,-,Dirección,ubicación,0/0 11-02-24,0/0 11-02-24
e,Richtung,-,-en,-,Dirección,sentido,0/0 11-02-24,1/2 11-02-24
e,Entfernung,-,-en,-,Distancia,-,0/0 11-02-24,1/2 11-02-24
r,Urlaub,-,-e,-,Vacaciones,-,0/0 11-02-24,0/0 11-02-24
e,Reise,-,-n,-,Viaje,viaje largo,0/0 11-02-24,0/0 11-02-24
e,Fahrt,-,-en,-,Viaje,trayecto,0/0 11-02-24,0/0 11-02-24
e,Weltreise,-,-n,-,Viaje mundial,-,0/0 11-02-24,0/0 11-02-24
s,Reisebüro,-,-s,-,Agencia de viajes,-,0/0 11-02-24,1/2 11-02-24
e,Industrie,-,-n,-,Industria,-,0/0 11-02-24,0/0 11-02-24
e,Fabrik,-,-en,-,Fábrica,-,0/0 11-02-24,2/4 11-02-24
e,Natur,-,-,-,Naturaleza,-,0/0 11-02-24,0/0 11-02-24
e,Luft,-,-,-,Aire,-,1/2 15-02-25,1/2 11-02-24
s,Meer,-,-e,-,Mar,-,1/1 11-02-24,1/2 11-02-24
e,Sonne,-,-n,-,Sol,-,0/0 11-02-24,0/0 11-02-24
r,Kopf,-,⸚e,-,Cabeza,-,0/0 11-02-24,0/0 11-02-24
s,Gesicht,-,-er,-,Cara,-,0/0 11-02-24,0/0 11-02-24
s,Auge,-,-n,-,Ojo,-,1/1 11-02-24,0/0 11-02-24
e,Nase,-,-n,-,Nariz,-,0/0 11-02-24,0/0 11-02-24
r,Mund,-,⸚er,-,Boca,-,0/0 11-02-24,1/1 11-02-24
r,Biss,-,⸚e,-,Mordida,-,0/0 11-02-24,0/0 11-02-24
r,Zahn,-,⸚e,-,Diente,-,0/0 11-02-24,1/2 14-02-25
e,Zunge,-,-n,-,Lengua,-,0/0 11-02-24,0/0 11-02-24
e,Lippe,-,-n,-,Labio,-,0/0 11-02-24,0/0 11-02-24
s,Haar,-,-e,-,Pelo,-,0/0 11-02-24,1/1 14-02-25
s,Ohr,-,-en,-,Oreja,-,2/2 13-02-25,0/0 11-02-24
r,Hals,-,⸚e,-,Cuello,-,0/0 11-02-24,1/1 11-02-24
e,Schulter,-,-n,-,Hombro,-,0/0 11-02-24,1/2 14-02-25
r,Arm,-,-e,-,Brazo,-,0/0 11-02-24,0/0 11-02-24
e,Hand,-,⸚e,-,Mano,-,0/0 11-02-24,0/0 11-02-24
r,Finger,-,-,-,Dedo,mano,0/0 11-02-24,0/0 11-02-24
r,Zeh,-,-en,-,Dedo,pie,0/0 11-02-24,0/0 11-02-24
e,Brust,-,⸚e,-,Pecho,-,0/0 11-02-24,1/2 14-02-25
r,Bauch,-,⸚e,-,Vientre,-,0/0 11-02-24,1/2 14-02-25
r,Rücken,-,-,-,Espalda,-,0/0 11-02-24,1/2 11-02-24
r,Po,-,-s,-,Trasero,-,0/0 11-02-24,0/0 11-02-24
s,Bein,-,-e,-,Pierna,-,0/0 11-02-24,0/0 11-02-24
s,Knie,-,-,-,Rodilla,-,1/1 11-02-25,0/0 11-02-24
r,Fuß,-,⸚e,-,Pie,-,0/0 11-02-24,0/0 11-02-24
r,Körper,-,-,-,Cuerpo,-,0/0 11-02-24,0/0 11-02-24
r,Knochen,-,-,-,Hueso,-,0/0 11-02-24,1/2 11-02-24
r,Muskel,-,-n,-,Músculo,-,0/0 11-02-24,0/0 11-02-24
e,Musik,-,-en,-,Música,-,1/1 11-02-24,0/0 11-02-24
r,Magen,-,⸚,-,Estómago,-,0/0 11-02-24,0/0 11-02-24
r,Darm,-,-e,-,Intestino,-,0/0 11-02-24,0/0 11-02-24
r,Fehler,-,-,-,Error,general,0/0 11-02-24,0/0 11-02-24
s,Versehen,-,-,-,Error,accidental,0/0 11-02-24,0/0 11-02-24
r,Test,-,-s,-,Prueba,-,0/0 11-02-24,0/0 11-02-24
r,Filzstift,-,-e,-,Rotulador,-,0/0 11-02-24,1/2 14-02-25
s,Märchen,-,-,-,Cuento de hadas,-,1/2 14-02-25,0/0 11-02-24
s,Rad,-,⸚er,-,Rueda,-,0/0 11-02-24,0/0 11-02-24
r,Regenschirm,-,-e,-,Paraguas,-,0/0 11-02-24,0/0 11-02-24
r,Schirm,-,-e,-,Paraguas,-,1/2 11-02-24,1/2 11-02-24
e,Grippe,-,-n,-,Gripe,-,0/0 11-02-24,0/0 11-02-24
r,Schnupfen,-,-,-,Con catarro,-,1/2 11-02-24,1/2 11-02-24
e,Erkältung,-,-en,-,Resfriado,-,0/0 11-02-24,1/2 11-02-24
r,Husten,-,-,-,Tos,-,0/0 11-02-24,0/0 11-02-24
r,Schmerz,-,-en,-,Dolor,-,0/0 11-02-24,0/0 11-02-24
s,Fieber,-,-,-,Fiebre,-,1/1 14-02-25,1/2 14-02-25
s,Gespräch,-,-e,-,Conversación,-,0/0 11-02-24,0/0 11-02-24
s,Problem,-,-e,-,Problema,-,0/0 11-02-24,0/0 11-02-24
r,Tropfen,-,-,-,Gota,-,0/0 11-02-24,1/2 11-02-24
s,Medikament,-,-e,-,Medicamento,-,1/1 11-02-24,0/0 11-02-24
r,Brief,-,-e,-,Carta,-,0/0 11-02-24,1/2 14-02-25
r,Rat,-,⸚e,-,Consejo,-,1/1 14-02-25,0/0 11-02-24
r,Betriebsrat,-,⸚e,-,Consejo de empresa,-,0/0 11-02-24,1/2 14-02-25
e,Diät,-,-en,-,Dieta,-,1/1 11-02-24,0/0 11-02-24
s,Blut,-,-,-,Sangre,-,0/0 11-02-24,1/2 11-02-24
r,Alkohol,-,-e,-,Alcohol,-,0/0 11-02-24,1/2 13-02-25
s,Wort,-,⸚er/e,-,Palabra,-,0/0 11-02-24,0/0 11-02-24
r,Satz,-,⸚e,-,Oración,-,0/0 11-02-24,1/2 11-02-24
r,Buchstabe,-,-n,-,Letra,-,1/2 11-02-24,0/0 11-02-24
r,Druckbuchstabe,-,-n,-,Letra de imprenta,-,0/0 11-02-24,0/0 11-02-24
r,Artikel,-,-,-,Artículo,-,0/0 11-02-24,0/0 11-02-24
r,Kasten,-,⸚,-,Caja,grande,0/0 11-02-24,1/3 11-02-24
e,Schachtel,-,-n,-,Caja,pequeña,0/0 11-02-24,0/0 11-02-24
e,Kasse,-,-n,-,Caja,caja registradora,0/0 11-02-24,0/0 11-02-24
e,Sahne,-,-,-,Crema,-,0/0 11-02-24,1/2 14-02-25
s,Gewürz,-,-e,-,Especia,-,0/0 11-02-24,0/0 11-02-24
s,Mehl,-,-,-,Harina,-,0/0 11-02-24,0/0 11-02-24
s,1,-,-e,-,Libra,-,1/5 11-02-24,0/0 11-02-24
r,Schnaps,-,⸚e,-,Licor,-,0/0 11-02-24,1/2 14-02-25
r,Zettel,-,-,-,Nota/Ticket,-,0/0 11-02-24,1/2 11-02-24
s,Steak,-,-s,-,Filete,-,0/0 11-02-24,2/4 11-02-24
r,Braten,-,-,-,Asado,-,0/0 11-02-24,0/0 11-02-24
s,Konzert,-,-e,-,Concierto,-,0/0 11-02-24,0/0 11-02-24
e,Aufgabe,-,-n,-,Tarea,general,0/0 11-02-24,0/0 11-02-24
e,Hausarbeit,-,-en,-,Tarea,tarea de casa,1/2 11-02-24,0/0 11-02-24
e,Hausaufgabe,-,-n,-,Tarea,tarea escolar,0/0 11-02-24,0/0 11-02-24
r,Beutel,-,-,-,Bolsa,bolsa de plástico,0/0 11-02-24,0/0 11-02-24
e,Tasche,-,-n,-,Bolsa,bolso o cartera,0/0 11-02-24,1/2 14-02-25
e,Packung,-,-en,-,Paquete,envoltura,0/0 11-02-24,1/2 11-02-24
s,Paket,-,-e,-,Paquete,grande,1/2 11-02-24,0/0 11-02-24
s,Päckchen,-,-,-,Paquete,pequeño,0/0 11-02-24,1/2 14-02-25
e,Tafel,-,-n,-,Tableta/Placa,-,1/2 11-02-24,0/0 11-02-24
r,Becher,-,-,-,Vaso/Copa,sin asa,0/0 11-02-24,0/0 11-02-24
s,Glas,-,⸚er,-,Vaso/Copa/Cristal,de vidrio,0/0 11-02-24,0/0 11-02-24
s,Netz,-,-e,-,Red,-,0/0 11-02-24,1/2 11-02-24
s,Pfand,-,⸚er,-,Depósito/Garantía,-,1/2 11-02-24,2/4 11-02-24
r,Kohl,-,-,-,Col,-,0/0 11-02-24,1/1 14-02-25
r,Rosenkohl,-,-,-,Col de Bruselas,-,0/0 11-02-24,1/2 11-02-24
e,Dose,-,-n,-,Lata,-,0/0 11-02-24,0/0 11-02-24
r,Apparat,-,-e,-,Aparato,-,0/0 11-02-24,0/0 11-02-24
e,Familie,-,-n,-,Familia,-,0/0 11-02-24,1/1 11-02-24
e,Keule,-,-n,-,Porra,-,0/0 11-02-24,0/0 11-02-24
s,Fell,-,-e,-,Piel,-,2/4 14-02-25,0/0 11-02-24
r,Dialog,-,-e,-,Diálogo,-,0/0 11-02-24,0/0 11-02-24
e,Übung,-,-en,-,Ejercicio,-,0/0 11-02-24,0/0 11-02-24
e,Tabelle,-,-n,-,Tabla,-,1/2 11-02-24,1/2 11-02-24
e,Seite,-,-n,-,Página,-,0/0 11-02-24,0/0 11-02-24
e,Kirmes,-,-sen,-,Feria,-,0/0 11-02-24,1/2 14-02-25
r,Januar,-,e,-,Enero,-,0/0 11-02-24,0/0 11-02-24
r,Februar,-,-e,-,Febrero,-,0/0 11-02-24,0/0 11-02-24
r,März,-,-e,-,Marzo,-,0/0 11-02-24,0/0 11-02-24
r,April,-,-e,-,Abril,-,0/0 11-02-24,2/4 11-02-24
r,Mai,-,-e,-,Mayo,-,0/0 11-02-24,0/0 11-02-24
r,Juni,-,s,-,Junio,-,0/0 11-02-24,1/2 14-02-25
r,Juli,-,-s,-,Julio,-,0/0 11-02-24,0/0 11-02-24
r,August,-,-e,-,Agosto,-,0/0 11-02-24,1/1 11-02-24
r,September,-,-,-,Septiembre,-,0/0 11-02-24,0/0 11-02-24
r,Oktober,-,-,-,Octubre,-,0/0 11-02-24,0/0 11-02-24
r,November,-,-,-,Noviembre,-,0/0 11-02-24,1/1 11-02-24
r,Dezember,-,-,-,Diciembre,-,0/0 11-02-24,0/0 11-02-24
r,Montag,-,-e,-,Lunes,-,0/0 11-02-24,0/0 11-02-24
r,Dienstag,-,-e,-,Martes,-,1/2 11-02-24,0/0 11-02-24
r,Mittwoch,-,-e,-,Miércoles,-,0/0 11-02-24,0/0 11-02-24
r,Donnerstag,-,-e,-,Jueves,-,1/2 11-02-24,1/2 14-02-25
r,Freitag,-,-e,-,Viernes,-,0/0 11-02-24,0/0 11-02-24
r,Samstag,-,-e,-,Sábado,-,1/2 11-02-24,0/0 11-02-24
r,Sonntag,-,-e,-,Domingo,-,0/0 11-02-24,0/0 11-02-24
r,Frühling,-,-e,-,Primavera,-,0/0 11-02-24,0/0 11-02-24
r,Sommer,-,-,-,Verano,-,0/0 11-02-24,0/0 11-02-24
r,Herbst,-,-e,-,Otoño,-,0/0 11-02-24,0/0 11-02-24
r,Winter,-,-,-,Invierno,-,1/2 11-02-24,0/0 11-02-24
s,Motorrad,-,-räder,-,Motocicleta,-,0/0 11-02-24,1/2 11-02-24
r,Bericht,-,-e,-,Informe,-,1/2 14-02-25,1/3 11-02-24
r,Besuch,-,-e,-,Visita,-,0/0 11-02-24,0/0 11-02-24
s,Büro,-,-s,-,Oficina,-,0/0 11-02-24,0/0 11-02-24
s,Arbeitsamt,-,⸚er,-,Oficina de empleo,-,2/4 15-02-25,0/0 11-02-24
s,Jugendamt,-,-,-,Oficina de juventud,-,0/0 11-02-24,0/0 11-02-24
e,Prüfung,-,-en,-,Examen,general,0/0 11-02-24,0/0 11-02-24
s,Examen,-,-,-,Examen,oficial o formal,0/0 11-02-24,3/5 13-02-25
s,Pech,-,-e,-,Mala suerte,-,0/0 11-02-24,0/0 11-02-24
s,Glück,-,-,-,Suerte,-,0/0 11-02-24,0/0 11-02-24
e,Sache,-,-n,-,Cosa,-,1/3 11-02-24,1/2 14-02-25
e,Rechnung,-,-en,-,Cuenta,-,0/0 11-02-24,0/0 11-02-24
s,Parkhaus,-,⸚er,-,Estacionamiento,-,0/0 11-02-24,0/0 11-02-24
e,Diskothek,-,-en,-,Discoteca,-,0/0 11-02-24,0/0 11-02-24
e,Telefonzelle,-,-n,-,Cabina telefónica,-,0/0 11-02-24,1/2 11-02-24
r,Koffer,-,-,-,Maleta,-,0/0 11-02-24,0/0 11-02-24
r,Ausflug,-,⸚e,-,Excursión,-,0/0 11-02-24,1/2 11-02-24
r,Schuh,-,-e,-,Zapato,-,0/0 11-02-24,1/1 11-02-24
s,Hemd,-,-en,-,Camisa,-,0/0 11-02-24,0/0 11-02-24
r,Handschuh,-,-e,-,Guante,-,0/0 11-02-24,0/0 11-02-24
e,Krawatte,-,-n,-,Corbata,-,0/0 11-02-24,0/0 11-02-24
r,Pullover,-,-,-,Suéter,-,1/2 11-02-24,0/0 11-02-24
e,Mütze,-,-n,-,Gorr@,-,0/0 11-02-24,0/0 11-02-24
r,Fußball,-,-,-,Fútbol,-,0/0 11-02-24,1/2 14-02-25
r,Fußball,-,⸚e,-,Balón de fútbol,-,0/0 11-02-24,0/0 11-02-24
r,Film,-,-e,-,Película,-,1/1 15-02-25,1/1 11-02-24
r,Fernsehfilm,-,-e,-,Película de televisión,-,0/0 11-02-24,1/1 11-02-24
s,Papier,-,-e,-,Papel,-,0/0 11-02-24,1/2 11-02-24
e,Bibliothek,-,⸚en,-,Biblioteca,-,1/1 14-02-25,1/2 15-02-25
e,Bücherei,-,-en,-,Biblioteca,-,0/0 11-02-24,1/2 11-02-24
e,Werkstatt,-,⸚en,-,Taller,-,0/0 11-02-24,1/2 11-02-24
e,Post,-,-,-,Correo,-,0/0 11-02-24,2/4 14-02-25
e,Metzgerei,-,-en,-,Carnicería,-,0/0 11-02-24,1/2 11-02-24
r,Supermarkt,-,⸚e,-,Supermercado,-,1/1 15-02-25,1/2 11-02-24
e,Kaution,-,-en,-,Fianza,-,0/0 11-02-24,0/0 11-02-24
e,Reiningung,-,-en,-,Tintorería,-,0/0 11-02-24,0/0 11-02-24
e,Apotheke,-,-n,-,Farmacia,-,0/0 11-02-24,1/2 14-02-25
e,Drogerie,-,-n,-,Tienda de productos de higiene y cosméticos,-,0/0 11-02-24,1/2 11-02-24
e,Bäckerei,-,-en,-,Panadería,-,0/0 11-02-24,2/3 14-02-25
e,Buchhandlung,-,-en,-,Librería,-,0/0 11-02-24,1/2 11-02-24
s,Studium,-,-ien,-,Estudio,académico,0/0 11-02-24,0/0 11-02-24
s,Studio,-,-s,-,Estudio,local,0/0 11-02-24,0/0 11-02-24
s,Fotostudio,-,-s,-,Estudio fotográfico,-,0/0 11-02-24,1/2 11-02-24
e,Spielwiese,-,-n,-,Área de juegos,-,0/0 11-02-24,2/5 11-02-24
r,Bereich,-,-e,-,Área/Sector,-,0/0 11-02-24,0/0 11-02-24
e,Universität,-,-en,-,Universidad,-,1/1 14-02-25,0/0 11-02-24
e,Schule,-,-n,-,Escuela,-,1/2 11-02-24,0/0 11-02-24
e,Vase,-,-n,-,Jarrón/Florero,-,0/0 11-02-24,0/0 11-02-24
e,Kassette,-,-n,-,Casete,-,0/0 11-02-24,3/4 11-02-24
e,Flasche,-,-n,-,Botella,-,0/0 11-02-24,0/0 11-02-24
e,Zigarette,-,-n,-,Cigarro,-,0/0 11-02-24,0/0 11-02-24
e,CD,-,-s,-,CD,-,0/0 11-02-24,0/0 11-02-24
r,Weg,-,-e,-,Camino,-,0/0 11-02-24,0/0 11-02-24
r,Turm,-,⸚e,-,Torre,-,1/1 11-02-24,0/0 11-02-24
r,Schlafsack,-,⸚e,-,Saco de dormir,-,0/0 11-02-24,1/2 11-02-24
s,Schmuckstück,-,-e,-,Joyería,-,1/2 11-02-24,0/0 11-02-24
s,Feuerzeug,-,-e,-,Encendedor,-,0/0 11-02-24,2/4 14-02-25
r,Anzünder,-,-,-,Encendedor,-,0/0 11-02-24,0/0 11-02-24
s,Feuer,-,-,-,Fuego,-,0/0 11-02-24,0/0 11-02-24
e,Brille,-,-n,-,Lentes,-,1/1 15-02-25,0/0 11-02-24
r,Anlass,-,-,⸚e,Motivo/Ocasión/Evento,-,0/0 11-02-24,1/2 11-02-24
e,Hierarchie,-,-n,-,Jerarquía,-,1/2 11-02-24,0/0 11-02-24
-,König,Königin,-e,-nen,Rey/Reina,-,1/1 11-02-24,0/0 11-02-24
e,Bewegung,-,-en,-,Movimiento,-,0/0 11-02-24,0/0 11-02-24
e,Benimm,-,-en,-,Comportamiento,-,0/0 11-02-24,1/2 11-02-24
-,Vorsitzender,Vorsitzende,-,-n,Presidente(a),de una asociación,1/2 11-02-24,1/2 11-02-24
-,Präsident,Präsidentin,-en,-nen,Presidente,de un país,0/0 11-02-24,1/2 14-02-25
r,Abschied,-,-e,-,Despedida,-,0/0 11-02-24,1/2 11-02-24
r,Polterabend,-,-e,-,Despedida de soltero,-,0/0 11-02-24,0/0 11-02-24
e,Ansicht,-,-en,-,Opinión,-,0/0 11-02-24,0/0 11-02-24
e,Meinung,-,-en,-,Opinión,-,0/0 11-02-24,0/0 11-02-24
e,Zusammenfassung,-,-en,-,Resumen,-,1/2 14-02-25,1/4 14-02-25
e,Betreuung,-,-,-,Cuidado,-,0/0 11-02-24,0/0 11-02-24
e,Kinderbetreuung,-,-en,-,Cuidado de niños,-,0/0 11-02-24,0/0 11-02-24
e,Besprechung,-,-en,-,Reunión,-,0/0 11-02-24,0/0 11-02-24
e,Rente,-,-n,-,Pensión,económica,0/0 11-02-24,0/0 11-02-24
e,Pension,-,-en,-,Pensión,alojamiento,0/0 11-02-24,1/2 11-02-24
-,Angestellter,Angestellte,-,-n,Empleado(a),-,1/2 15-02-25,0/0 11-02-24
-,Arbeitnehmer,Arbeitnehmerin,-,-nen,Empleado(a),-,0/0 11-02-24,0/0 11-02-24
r,Anzug,-,⸚e,-,Traje,-,1/2 11-02-24,1/2 11-02-24
r,Arbeitgeber,-,-,-,Empleador,-,0/0 11-02-24,0/0 11-02-24
s,Ergebnis,-,-se,-,Resultado,-,1/2 15-02-25,1/2 15-02-25
e,Farbe,-,-n,-,Color,-,0/0 11-02-24,1/1 11-02-24
r,Feind,-,-e,-,Enemigo,-,0/0 11-02-24,0/0 11-02-24
e,Geschichte,-,-n,-,Historia,-,0/0 11-02-24,0/0 11-02-24
e,Hochzeit,-,-en,-,Boda,-,0/0 11-02-24,0/0 11-02-24
r,Job,-,-s,-,Trabajo,casual,0/0 11-02-24,0/0 11-02-24
e,Arbeit,-,-en,-,Trabajo,general o formal,0/0 11-02-24,2/4 11-02-24
r,Kollege,-,-n,-,Colega,-,0/0 11-02-24,0/0 11-02-24
e,Leistung,-,-en,-,Rendimiento,-,0/0 11-02-24,1/2 11-02-24
r,Mann,-,⸚er,-,Hombre,-,0/0 11-02-24,1/1 11-02-24
r,Morgen,-,-,-,Mañana,tiempo del día,1/1 11-02-24,1/2 14-02-25
s,Morgen,-,-,-,Mañana,día siguiente o como concepto,0/0 11-02-24,0/0 11-02-24
s,Gestern,-,-,-,Ayer,día anterior o como concepto,0/0 11-02-24,0/0 11-02-24
-,Musiker,Musikerin,-,-nen,Músico(a),-,0/0 11-02-24,0/0 11-02-24
r,Prozess,-,-e,-,Proceso,-,0/0 11-02-24,1/2 11-02-24
e,Sorge,-,-n,-,Preocupación,-,0/0 11-02-24,0/0 11-02-24
e,Stelle,-,-n,-,Puesto,-,0/0 11-02-24,0/0 11-02-24
s,Vorurteil,-,-e,-,Prejuicio,-,1/2 11-02-24,0/0 11-02-24
r,Wagen,-,-,-,Carro,-,0/0 11-02-24,1/2 14-02-25
-,Chef,Chefin,-,-nen,Jefe(a),-,0/0 11-02-24,1/2 11-02-24
r,Punkt,-,-e,-,Punto,-,0/0 11-02-24,0/0 11-02-24
r,Rechtsanwalt,-,⸚e,-,Abogado,-,0/0 11-02-24,1/4 11-02-24
r,Scheidungsanwalt,-,⸚e,-,Abogado de divorcio,-,0/0 11-02-24,0/0 11-02-24
e,Antwort,-,-en,-,Respuesta,-,0/0 11-02-24,0/0 11-02-24
e,Anzeige,-,-n,-,Anuncio,-,0/0 11-02-24,1/2 11-02-24
r,Augenblick,-,-e,-,Momento,-,0/0 11-02-24,0/0 11-02-24
e,Ausbildung,-,-en,-,Formación,-,0/0 11-02-24,0/0 11-02-24
-,Beamter,Beamte,-,-n,Funcionario(a),-,1/2 11-02-24,2/4 11-02-24
r,Betrieb,-,-e,-,Empresa,-,0/0 11-02-24,0/0 11-02-24
e,Firma,-,-en,-,Empresa,-,1/1 11-02-24,1/1 11-02-24
s,Gehalt,-,⸚er,-,Salario,-,1/2 11-02-24,1/2 11-02-24
r,Grund,-,-e,-,Razón,-,0/0 11-02-24,1/2 11-02-24
e,Grundschule,-,-n,-,Primaria,-,1/2 11-02-24,0/0 11-02-24
s,Gymnasium,-,-ien,-,Preparatoria,-,1/2 11-02-24,0/0 11-02-24
e,Hauptsache,-,-n,-,Lo principal,-,0/0 11-02-24,0/0 11-02-24
r,Import,-,-e,-,Importación,-,0/0 11-02-24,1/2 11-02-24
r,Monat,-,-e,-,Mes,-,0/0 11-02-24,0/0 11-02-24
r,Nachteil,-,-e,-,Desventaja,-,0/0 11-02-24,0/0 11-02-24
r,Vorteil,-,-e,-,Ventaja,-,0/0 11-02-24,1/2 11-02-24
-,Politiker,Politikerin,-,-nen,Político(a),-,0/0 11-02-24,0/0 11-02-24
-,Polizist,Polizistin,-,-nen,Policía,-,0/0 11-02-24,0/0 11-02-24
e,Kriminalpolizei,-,-,-,Departamento de investigación criminal,-,1/2 14-02-25,1/2 11-02-24
e,Religion,-,-en,-,Religión,-,0/0 11-02-24,0/0 11-02-24
e,Konfession,-,-en,-,Religión,-,0/0 11-02-24,2/3 14-02-25
-,Schauspieler,Schauspielerin,-,-nen,Actor(a),-,0/0 11-02-24,0/0 11-02-24
r,Termin,-,-e,-,Cita,-,0/0 11-02-24,0/0 11-02-24
-,Verkäufer,Verkäuferin,-,-nen,Vendedor(a),-,0/0 11-02-24,1/2 14-02-25
r,Vertrag,-,⸚e,-,Contrato,-,0/0 11-02-24,1/2 11-02-24
e,Wirtschaft,-,-en,-,Economía,-,1/2 11-02-24,0/0 11-02-24
e,Bewerbung,-,-en,-,Solicitud,-,1/2 15-02-25,0/0 11-02-24
-,Bundeskanzler,Bundeskanzlerin,-,-nen,Canciller,-,0/0 11-02-24,1/2 14-02-25
s,Datum,-,-en,-,Fecha,-,1/1 13-02-25,1/2 11-02-24
s,Geburtsdatum,-,-en,-,Fecha de nacimiento,-,0/0 11-02-24,0/0 11-02-24
s,Diplom,-,-e,-,Diploma,-,0/0 11-02-24,0/0 11-02-24
r,Export,-,-e,-,Exportación,-,0/0 11-02-24,1/2 11-02-24
s,Inland,-,-,-,Interior,-,1/2 11-02-24,0/0 11-02-24
e,Lehre,-,-n,-,Enseñanza,-,1/2 11-02-24,0/0 11-02-24
s,Vokabellernen,-,-,-,Aprendizaje de vocabulario,-,1/2 11-02-24,1/2 11-02-24
-,Maurer,Maurerin,-,-nen,Albañil,-,0/0 11-02-24,0/0 11-02-24
e,Möglichkeit,-,-en,-,Posibilidad,-,0/0 11-02-24,2/3 14-02-25
-,Schüler,Schülerin,-,-nen,Estudiante,general,0/0 11-02-24,1/3 11-02-24
-,Student,Studentin,-,-nen,Estudiante,nivel Superior,1/1 11-02-24,1/2 11-02-24
e,Sekretärin,-,-nen,-,Secretaria,-,0/0 11-02-24,0/0 11-02-24
s,Semester,-,-,-,Semestre,-,0/0 11-02-24,0/0 11-02-24
e,Sicherheit,-,-en,-,Seguridad,-,0/0 11-02-24,0/0 11-02-24
e,Sprache,-,-n,-,Idioma,-,0/0 11-02-24,1/2 11-02-24
e,Fremdsprache,-,-n,-,Idioma extranjero,-,0/0 11-02-24,1/2 11-02-24
-,Zahnarzt,Zahnärztin,-,-nen,Dentista,-,1/1 11-02-24,1/2 11-02-24
s,Zeugnis,-,-se,-,Certificado,-,0/0 11-02-24,0/0 11-02-24
e,Eheurkunde,-,-n,-,Certificado de matrimonio,-,1/2 11-02-24,1/2 13-02-25
e,Teilnahmebestätigung,-,-en,-,Certificado de participación,-,0/0 11-02-24,1/2 11-02-24
e,Zukunft,-,-en,-,Futuro,-,0/0 11-02-24,0/0 11-02-24
r,Ausgang,-,⸚e,-,Salida,-,0/0 11-02-24,0/0 11-02-24
e,Ausreise,-,-,-,Salida,-,0/0 11-02-24,0/0 11-02-24
r,Bart,-,⸚e,-,Barba,-,0/0 11-02-24,1/2 11-02-24
r,Eingang,-,⸚e,-,Entrada,-,1/2 11-02-24,0/0 11-02-24
r,Fall,-,⸚e,-,Caso,-,1/2 15-02-25,0/0 11-02-24
e,Freizeit,-,-,-,Tiempo libre,-,0/0 11-02-24,0/0 11-02-24
r,Gedanke,-,-n,-,Pensamiento,-,1/2 13-02-25,1/2 15-02-25
e,Gefahr,-,-en,-,Peligro,-,0/0 11-02-24,1/3 14-02-25
e,Gesundheit,-,-,-,Salud,-,1/2 14-02-25,1/2 11-02-24
r,Gewinn,-,-e,-,Ganancia,-,0/0 11-02-24,1/2 14-02-25
r,Glückwunsch,-,⸚e,-,Felicitación,-,1/2 11-02-24,0/0 11-02-24
r,Gott,-,⸚er,-,Dios,-,0/0 11-02-24,0/0 11-02-24
r,Gruß,-,⸚e,-,Saludo,saludo,0/0 11-02-24,0/0 11-02-24
e,Anrede,-,-n,-,Trato,forma de dirigirse a alguien,1/2 15-02-25,1/2 14-02-25
r,Hammer,-,⸚,-,Martillo,-,0/0 11-02-24,0/0 11-02-24
r,Himmel,-,-,-,Cielo,-,0/0 11-02-24,1/2 14-02-25
e,Zeitschift,-,-en,-,Revista,-,0/0 11-02-24,0/0 11-02-24
e,Illustrierte,-,-n,-,Revista ilustrada,-,1/2 11-02-24,1/4 11-02-24
r,Kompromiss,-,-e,-,Compromiso,-,1/1 11-02-24,0/0 11-02-24
e,Verlobung,-,-en,-,Compromiso,matrimonial,0/0 11-02-24,0/0 11-02-24
r,Lärm,-,-,-,Ruido,general,0/0 11-02-24,0/0 11-02-24
r,Krach,-,-,-,Ruido,escándalo,0/0 11-02-24,1/2 14-02-25
e,Kultur,-,-,-,Cultura,-,0/0 11-02-24,1/2 14-02-25
e,Kunst,-,-,-,Arte,-,0/0 11-02-24,0/0 11-02-24
e,Landschaft,-,-en,-,Paisaje,-,1/3 11-02-24,0/0 11-02-24
r,Lautsprecher,-,-,-,Altavoz,-,1/2 14-02-25,1/4 11-02-24
s,Lied,-,-er,-,Canción,-,1/2 11-02-24,0/0 11-02-24
e,Literatur,-,-,-,Literatura,-,0/0 11-02-24,1/2 11-02-24
r,Maler,-,-,-,Pintor,-,0/0 11-02-24,1/2 11-02-24
e,Medizin,-,-,-,Medicina,-,0/0 11-02-24,0/0 11-02-24
e,Minute,-,-n,-,Minuto,-,2/2 11-02-24,0/0 11-02-24
r,Mond,-,-e,-,Luna,-,0/0 11-02-24,1/1 11-02-24
r,Flitterwochen,-,-,-,Luna de miel,-,0/0 11-02-24,0/0 11-02-24
e,Nachricht,-,-en,-,Noticia,-,1/2 11-02-24,0/0 11-02-24
s,Orchester,-,-,-,Orquesta,-,0/0 11-02-24,0/0 11-02-24
e,Ordnung,-,-,-,Orden,-,2/3 11-02-24,0/0 11-02-24
r,Plan,-,⸚e,-,Plan,-,0/0 11-02-24,0/0 11-02-24
e,Qualität,-,-en,-,Calidad,-,1/1 11-02-24,0/0 11-02-24
e,Sendung,-,-en,-,Emisión,-,0/0 11-02-24,0/0 11-02-24
r,Sinn,-,-,-,Sentido,-,0/0 11-02-24,1/2 11-02-24
e,Spezialität,-,-en,-,Especialidad,-,0/0 11-02-24,0/0 11-02-24
r,Sport,-,-,-,Deporte,-,0/0 11-02-24,0/0 11-02-24
e,Technik,-,-,-,Técnica,-,0/0 11-02-24,0/0 11-02-24
s,Telegramm,-,-e,-,Telegrama,-,1/2 11-02-24,0/0 11-02-24
s,Tier,-,-e,-,Animal,-,0/0 11-02-24,0/0 11-02-24
e,Uhrzeit,-,-en,-,Hora,-,0/0 11-02-24,1/1 14-02-25
e,Unterhaltung,-,-en,-,Entretenimiento,-,0/0 11-02-24,0/0 11-02-24
e,Vorstellung,-,-en,-,Presentación,presentación o idea,0/0 11-02-24,1/2 11-02-24
s,Referat,-,-e,-,Presentación,presentación oral,0/0 11-02-24,1/2 11-02-24
e,Werbung,-,-,-,Publicidad,-,0/0 11-02-24,0/0 11-02-24
e,Wissenschaft,-,-en,-,Ciencia,-,1/2 11-02-24,1/2 11-02-24
s,Ende,-,-n,-,Fin,-,0/0 11-02-24,0/0 11-02-24
s,Wochenende,-,-n,-,Fin de semana,-,0/0 11-02-24,1/2 11-02-24
r,Zuschauer,-,-,-,Espectador,-,0/0 11-02-24,1/2 11-02-24
r,Arbeiter,-,-,-,Trabajador,-,0/0 11-02-24,1/2 11-02-24
s,Benzin,-,-,-,Gasolina,-,1/2 11-02-24,1/2 15-02-25
e,Bremse,-,-n,-,Freno,-,0/0 11-02-24,1/2 11-02-24
e,Chance,-,-n,-,Oportunidad,-,0/0 11-02-24,1/2 11-02-25
r,Dank,-,-,-,Agradecimiento,-,0/0 11-02-24,0/0 11-02-24
r,Diesel,-,-,-,Diésel,-,0/0 11-02-24,0/0 11-02-24
r,Eheleute,-,-,-,Esposos,-,0/0 11-02-24,1/2 11-02-24
e,Europa,-,-,-,Europa,-,1/1 14-02-25,0/0 11-02-24
s,Gas,-,-,-,Gas,-,0/0 11-02-24,0/0 11-02-24
s,Geld,-,-,-,Dinero,-,1/1 11-02-24,0/0 11-02-24
e,Geschwindigkeit,-,-en,-,Velocidad,-,0/0 11-02-24,0/0 11-02-24
s,Gewicht,-,-,-,Peso,-,0/0 11-02-24,0/0 11-02-24
r,Haushalt,-,-,-,Hogar,como unidad familiar,0/0 11-02-24,1/2 11-02-24
s,Heim,-,-e,-,Hogar,como lugar de residencia,1/2 11-02-24,0/0 11-02-24
s,Pflegeheim,-,-e,-,Hogar de cuidados,-,0/0 11-02-24,1/6 11-02-24
e,Information,-,-en,-,Información,-,0/0 11-02-24,1/2 11-02-24
s,Jahr,-,-e,-,Año,-,0/0 11-02-24,1/1 14-02-25
s,Geburtsjahr,-,-e,-,Año de nacimiento,-,0/0 11-02-24,0/0 11-02-24
r,Kilometer,-,-,-,Kilómetro,-,0/0 11-02-24,1/1 11-02-24
r,Kofferraum,-,⸚e,-,Maletero,-,0/0 11-02-24,0/0 11-02-24
e,Konkurrenz,-,-,-,Competencia,-,0/0 11-02-24,0/0 11-02-24
r,Kredit,-,-e,-,Crédito,-,0/0 11-02-24,0/0 11-02-24
r,Kunde,-,-n,-,Cliente,-,0/0 11-02-24,1/2 11-02-24
e,Länge,-,-,-,Longitud,-,0/0 11-02-24,1/2 11-02-24
r,Lastwagen,-,-,-,Camión,-,0/0 11-02-24,1/2 11-02-24
r,Liter,-,-,-,Litro,-,0/0 11-02-24,0/0 11-02-24
r,Lohn,-,⸚e,-,Sueldo,-,0/0 11-02-24,0/0 11-02-24
e,Maschine,-,-n,-,Máquina,-,0/0 11-02-24,0/0 11-02-24
s,Material,-,-ien,-,Material,-,0/0 11-02-24,1/2 14-02-25
r,Mechaniker,-,-,-,Mecánico,-,0/0 11-02-24,0/0 11-02-24
r,Meister,-,-,-,Maestro,-,1/1 15-02-25,2/4 14-02-25
r,Motor,-,-en,-,Motor,-,0/0 11-02-24,1/2 11-02-24
e,Panne,-,-n,-,Avería,-,0/0 11-02-24,1/2 11-02-24
r,Prospekt,-,-e,-,Folleto,-,1/2 14-02-25,0/0 11-02-24
r,Reifen,-,-,-,Neumático,-,0/0 11-02-24,1/2 11-02-24
e,Reparatur,-,-en,-,Reparación,-,1/3 11-02-24,1/2 14-02-25
e,Situation,-,-en,-,Situación,-,0/0 11-02-24,1/2 11-02-24
e,Steuer,-,-n,-,Impuesto,-,0/0 11-02-24,1/2 11-02-24
r,Strom,-,-,-,Electricidad,-,0/0 11-02-24,0/0 11-02-24
e,Summe,-,-n,-,Suma,-,0/0 11-02-24,1/2 11-02-24
e,Tankstelle,-,-n,-,Gasolinera,-,0/0 11-02-24,1/4 11-02-24
e,Überweisung,-,-en,-,Transferencia,-,0/0 11-02-24,0/0 11-02-24
r,Unfall,-,⸚e,-,Accidente,-,1/1 11-02-24,0/0 11-02-24
r,Verkehrsunfall,-,⸚e,-,Accidente de tráfico,-,0/0 11-02-24,1/2 15-02-25
r,Verkehr,-,-,-,Tráfico,-,1/2 11-02-24,0/0 11-02-24
e,Versicherung,-,-en,-,Seguro,-,0/0 11-02-24,1/2 11-02-24
e,Krankenkasse,-,-n,-,Seguro de salud,-,1/2 15-02-25,1/3 13-02-25
e,Renteversicherung,-,-en,-,Seguro de jubilación,-,0/0 11-02-24,0/0 11-02-24
e,Verzeihung,-,-,-,Perdón,-,1/2 11-02-24,0/0 11-02-24
r,Vorname,-,-n,-,Nombre de pila,-,0/0 11-02-24,0/0 11-02-24
e,Wohnung,-,-en,-,Vivienda,-,0/0 11-02-24,0/0 11-02-24
r,Zug,-,⸚e,-,Tren,-,1/1 11-02-24,1/1 11-02-24
r,Zuschlag,-,⸚e,-,Sobrecargo,-,1/2 11-02-24,0/0 11-02-24
e,Angst,-,⸚e,-,Miedo,-,0/0 11-02-24,0/0 11-02-24
e,Beamtin,-,-nen,-,Funcionaria,-,0/0 11-02-24,0/0 11-02-24
e,Ehe,-,-n,-,Matrimonio,-,0/0 11-02-24,0/0 11-02-24
s,Paar,-,-e,-,Pareja,-,0/0 11-02-24,1/1 14-02-25
s,Liebespaar,-,-e,-,Pareja de enamorados,-,0/0 11-02-24,0/0 11-02-24
s,Ehepaar,-,-e,-,Pareja casada,-,0/0 11-02-24,0/0 11-02-24
e,Eltern,-,-,-,Padres,-,0/0 11-02-24,0/0 11-02-24
e,Erziehung,-,-,-,Educación,-,0/0 11-02-24,0/0 11-02-24
e,Frau,-,-en,-,Mujer,-,0/0 11-02-24,1/1 13-02-25
r,Geburtstag,-,-e,-,Cumpleaños,-,0/0 11-02-24,1/2 11-02-24
s,Gesetz,-,-e,-,Ley,-,0/0 11-02-24,0/0 11-02-24
e,Großeltern,-,-,-,Abuelos,-,0/0 11-02-24,1/1 14-02-25
r,Herr,-,-en,-,Señor,-,0/0 11-02-24,0/0 11-02-24
r,Ingenieur,-,-e,-,Ingeniero,-,0/0 11-02-24,0/0 11-02-24
e,Jugend,-,-,-,Juventud,-,2/4 11-02-24,0/0 11-02-24
e,Laune,-,-n,-,Humor,-,0/0 11-02-24,0/0 11-02-24
s,Leben,-,-,-,Vida,-,0/0 11-02-24,1/1 14-02-25
s,Menü,-,-s,-,Menú,-,0/0 11-02-24,1/2 14-02-25
e,Mutter,-,⸚,-,Madre,-,0/0 11-02-24,0/0 11-02-24
e,Pause,-,-n,-,Pausa,-,0/0 11-02-24,0/0 11-02-24
s,Prozent,-,-e,-,Porcentaje,-,0/0 11-02-24,0/0 11-02-24
e,Ruhe,-,-,-,Calma,-,0/0 11-02-24,0/0 11-02-24
r,Unsinn,-,-,-,Disparate,-,0/0 11-02-24,1/2 14-02-25
e,Untersuchung,-,-en,-,Investigación,-,1/2 11-02-24,0/0 11-02-24
s,Urteil,-,-e,-,Juicio,-,0/0 11-02-24,0/0 11-02-24
r,Vater,-,-,-,Padre,-,0/0 11-02-24,2/3 11-02-24
s,Viertel,-,-,-,Barrio,-,0/0 11-02-24,1/2 11-02-24
r,Wunsch,-,⸚e,-,Deseo,-,1/2 14-02-25,0/0 11-02-24
r,Abfall,-,⸚e,-,Basura,-,0/0 11-02-24,1/2 11-02-24
r,Bach,-,⸚e,-,Arroyo,-,0/0 11-02-24,1/2 11-02-24
r,Bäcker,-,-,-,Panadero,-,0/0 11-02-24,0/0 11-02-24
s,Volk,-,⸚er,-,Pueblo,gente,0/0 11-02-24,0/0 11-02-24
s,Dorf,-,⸚er,-,Pueblo,poblado,0/0 11-02-24,1/2 11-02-24
s,Drittel,-,-,-,Tercio,-,0/0 11-02-24,1/3 11-02-24
e,Energie,-,-n,-,Energía,-,0/0 11-02-24,0/0 11-02-24
s,Feld,-,-er,-,Campo,-,2/4 11-02-24,1/2 11-02-24
r,Sportplatz,-,⸚e,-,Campo de deportes,-,0/0 11-02-24,0/0 11-02-24
r,Filter,-,-,-,Filtro,-,0/0 11-02-24,1/2 11-02-24
s,Gebirge,-,-,-,Cordillera,-,0/0 11-02-24,0/0 11-02-24
s,Gewitter,-,-,-,Tormenta,-,0/0 11-02-24,1/2 14-02-25
s,Gift,-,-e,-,Veneno,-,0/0 11-02-24,0/0 11-02-24
s,Grad,-,-e,-,Grado,-,0/0 11-02-24,0/0 11-02-24
e,Grenze,-,-n,-,Frontera,-,0/0 11-02-24,0/0 11-02-24
r,Handel,-,-,-,Comercio,-,0/0 11-02-24,1/2 15-02-25
e,Insel,-,-n,-,Isla,-,0/0 11-02-24,0/0 11-02-24
s,Klima,-,-,-,Clima,-,1/1 11-02-24,1/2 14-02-25
r,Kunststoff,-,-e,-,Plástico,-,0/0 11-02-24,1/3 15-02-25
e,Plastik,-,-n,-,Plástico,-,0/0 11-02-24,0/0 11-02-24
e,Landkarte,-,-n,-,Mapa,-,0/0 11-02-24,0/0 11-02-24
e,Limonade,-,-n,-,Limonada,-,0/0 11-02-24,1/2 11-02-24
e,Lösung,-,-en,-,Solución,-,0/0 11-02-24,1/2 11-02-24
e,Menge,-,-n,-,Cantidad,-,0/0 11-02-24,0/0 11-02-24
r,Nebel,-,-,-,Niebla,-,0/0 11-02-24,1/2 14-02-25
r,Norden,-,-,-,Norte,-,0/0 11-02-24,1/2 14-02-25
r,Osten,-,-,-,Este,-,1/2 15-02-25,0/0 11-02-24
s,Österreich,-,-,-,Austria,-,0/0 11-02-24,1/2 14-02-25
e,Party,-,-s,-,Fiesta,-,0/0 11-02-24,1/2 11-02-24
r,Rasen,-,-,-,Césped,-,0/0 11-02-24,0/0 11-02-24
r,Regen,-,-,-,Lluvia,-,0/0 11-02-24,1/3 11-02-24
s,Schiff,-,-e,-,Barco,-,0/0 11-02-24,1/2 11-02-24
r,Schnee,-,-,-,Nieve,-,0/0 11-02-24,0/0 11-02-24
r,Stoff,-,-e,-,Tela,-,0/0 11-02-24,0/0 11-02-24
e,Strecke,-,-n,-,Trayecto,-,0/0 11-02-24,0/0 11-02-24
r,Süden,-,-,-,Sur,-,0/0 11-02-24,0/0 11-02-24
s,Tal,-,⸚er,-,Valle,-,1/2 14-02-25,0/0 11-02-24
s,Taschentuch,-,⸚er,-,Pañuelo,-,0/0 11-02-24,0/0 11-02-24
r,Teil,-,-e,-,Parte,-,2/2 11-02-24,0/0 11-02-24
e,Temperatur,-,-en,-,Temperatura,-,1/1 15-02-25,1/2 11-02-24
e,Tonne,-,-n,-,Tonelada,-,0/0 11-02-24,1/2 11-02-24
s,Ufer,-,-,-,Orilla,-,0/0 11-02-24,1/2 11-02-24
r,Wals,-,⸚er,-,Ballena,-,0/0 11-02-24,1/2 11-02-24
r,Westen,-,-,-,Oeste,-,1/2 11-02-24,0/0 11-02-24
r,Wetterbericht,-,-e,-,Pronóstico del tiempo,-,0/0 11-02-24,1/2 14-02-25
r,Wind,-,-,-,Viento,-,0/0 11-02-24,0/0 11-02-24
e,Woche,-,-n,-,Semana,-,0/0 11-02-24,0/0 11-02-24
r,Ort,-,-e,-,Lugar,-,0/0 11-02-24,1/2 15-02-25
r,Geburtsort,-,-e,-,Lugar de nacimiento,-,0/0 11-02-24,1/2 14-02-25
r,Wohnort,-,-e,-,Lugar de residencia,-,0/0 11-02-24,1/3 11-02-24
e,Zeichung,-,-en,-,Dibujo,-,0/0 11-02-24,1/2 11-02-24
e,Änderung,-,-en,-,Cambio,-,0/0 11-02-24,2/4 11-02-24
e,Art,-,-en,-,Tipo,-,0/0 11-02-24,0/0 11-02-24
s,Ausland,-,-,-,Extranjero,-,2/2 14-02-25,0/0 11-02-24
r,Ausweis,-,-e,-,Identificación,-,0/0 11-02-24,0/0 11-02-24
r,Bauer,-,-n,-,Campesino,-,0/0 11-02-24,0/0 11-02-24
e,Bedeutung,-,-en,-,Significado,-,0/0 11-02-24,0/0 11-02-24
e,Bedienung,-,-en,-,Servicio,-,0/0 11-02-24,2/4 11-02-24
e,Besitzerin,-,-nen,-,Propietaria,-,0/0 11-02-24,0/0 11-02-24
s,Betttuch,-,⸚er,-,Sábana,-,0/0 11-02-24,0/0 11-02-24
s,Blatt,-,⸚er,-,Hoja,-,0/0 11-02-24,0/0 11-02-24
e,Briefmarke,-,-n,-,Sello,-,0/0 11-02-24,1/2 11-02-24
s,Camping,-,-,-,Campamento,-,0/0 11-02-24,0/0 11-02-24
e,Diskussion,-,-en,-,Discusión,-,0/0 11-02-24,1/2 14-02-25
s,Einkommen,-,-,-,Ingresos,-,0/0 11-02-24,1/2 11-02-24
e,Erfahrung,-,-en,-,Experiencia,-,0/0 11-02-24,1/3 15-02-25
e,Fahrkarte,-,-n,-,Boleto,-,0/0 11-02-24,0/0 11-02-24
r,Fahrplan,-,⸚e,-,Horario,-,0/0 11-02-24,0/0 11-02-24
r,Flug,-,⸚e,-,Vuelo,-,1/2 14-02-25,1/2 13-02-25
r,Gast,-,⸚e,-,Huésped,-,0/0 11-02-24,0/0 11-02-24
s,Gefühl,-,-e,-,Sentimiento,-,1/2 13-02-25,0/0 11-02-24
s,Handtuch,-,⸚er,-,Toalla,-,0/0 11-02-24,0/0 11-02-24
e,Heimat,-,-,-,Patria,-,0/0 11-02-24,1/2 11-02-24
e,Jugendherberge,-,-n,-,Albergue juvenil,-,0/0 11-02-24,0/0 11-02-24
e,Kellnerin,-,-nen,-,Camarera,-,1/2 14-02-25,1/1 11-02-24
r,Krankenschein,-,-e,-,Carnet de salud,-,1/2 11-02-24,1/2 11-02-24
r,Lehrling,-,-e,-,Aprendiz,-,0/0 11-02-24,0/0 11-02-24
e,Liste,-,-n,-,Lista,-,1/1 11-02-24,0/0 11-02-24
e,Mode,-,-n,-,Moda,-,0/0 11-02-24,1/2 11-02-24
r,Pass,-,⸚e,-,Pasaporte,general,0/0 11-02-24,1/1 11-02-24
r,Reisepass,-,⸚e,-,Pasaporte,de viaje,0/0 11-02-24,0/0 11-02-24
s,Pflaster,-,-,-,Curita,-,1/2 13-02-25,1/2 14-02-25
e,Salbe,-,-n,-,Pomada,-,0/0 11-02-24,0/0 11-02-24
e,Presse,-,-,-,Prensa,-,1/2 14-02-25,0/0 11-02-24
r,Schlüssel,-,-,-,Llave,-,0/0 11-02-24,1/2 15-02-25
r,Schwierigkeit,-,-en,-,Dificultad,-,1/2 11-02-24,1/5 11-02-24
r,Seife,-,-n,-,Jabón,-,0/0 11-02-24,1/2 11-02-24
s,Streichholz,-,⸚er,-,Cerilla,-,1/2 15-02-25,0/0 11-02-24
s,Telefonbuch,-,⸚er,-,Guía telefónica,-,1/3 14-02-25,0/0 11-02-24
r,Tourist,-,-en,-,Turista,-,1/1 14-02-25,2/4 14-02-25
e,Verwandte,-,-n,-,Pariente,-,0/0 11-02-24,0/0 11-02-24
s,Visum,-,-,-,Visa,-,0/0 11-02-24,0/0 11-02-24
e,Zahnbürste,-,-n,-,Cepillo de dientes,-,1/2 15-02-25,0/0 11-02-24
r,Zweck,-,-e,-,Propósito,-,0/0 11-02-24,0/0 11-02-24
e,Armee,-,-n,-,Ejército,-,0/0 11-02-24,1/2 11-02-24
r,Bau,-,-,-,Construcción,-,0/0 11-02-24,0/0 11-02-24
r,Beginn,-,-,-,Inicio,-,0/0 11-02-24,0/0 11-02-24
r,Briefumschlag,-,⸚e,-,Sobre,-,0/0 11-02-24,0/0 11-02-24
r,Bund,-,-,-,Federación,-,1/2 14-02-25,1/2 14-02-25
r,Bürger,-,-,-,Ciudadano,-,1/2 11-02-24,1/2 11-02-24
r,Bus,-,-se,-,Autobús,-,0/0 11-02-24,1/2 11-02-24
e,DDR,-,-,-,RDA,-,1/1 14-02-25,2/4 14-02-25
e,Demokratie,-,-n,-,Democracia,-,0/0 11-02-24,0/0 11-02-24
e,Demonstration,-,-en,-,Manifestación,-,0/0 11-02-24,0/0 11-02-24
e,Republik,-,-en,-,República,-,0/0 11-02-24,0/0 11-02-24
e,Diktatur,-,-en,-,Dictadura,-,0/0 11-02-24,0/0 11-02-24
r,Einfluss,-,⸚e,-,Influencia,-,1/2 14-02-25,0/0 11-02-24
r,Empfang,-,⸚e,-,Recepción,-,0/0 11-02-24,0/0 11-02-24
s,Ereignis,-,-se,-,Acontecimiento,-,0/0 11-02-24,0/0 11-02-24
r,Fahrer,-,-,-,Conductor,-,0/0 11-02-24,0/0 11-02-24
r,Fotograf,-,-en,-,Fotógrafo,-,0/0 11-02-24,1/2 14-02-25
e,Frage,-,-n,-,Pregunta,-,1/1 11-02-24,0/0 11-02-24
r,Friede,-,-,-,Paz,-,0/0 11-02-24,1/2 11-02-24
e,Gesellschaft,-,-,-,Sociedad,-,0/0 11-02-24,0/0 11-02-24
e,Gruppe,-,-n,-,Grupo,-,1/1 14-02-25,1/1 11-02-24
s,Hochhaus,-,⸚er,-,Rascacielos,-,0/0 11-02-24,0/0 11-02-24
s,Kabinett,-,-e,-,Gabinete,-,0/0 11-02-24,0/0 11-02-24
e,Katastrophe,-,-n,-,Catástrofe,-,1/3 11-02-24,0/0 11-02-24
e,Koalition,-,-en,-,Coalición,-,0/0 11-02-24,1/3 14-02-25
e,Konferenz,-,-en,-,Conferencia,-,0/0 11-02-24,0/0 11-02-24
r,Krieg,-,-e,-,Guerra,-,0/0 11-02-24,0/0 11-02-24
r,Weltkrieg,-,-e,-,Guerra mundial,-,0/0 11-02-24,0/0 11-02-24
e,Krise,-,-n,-,Crisis,-,0/0 11-02-24,1/2 14-02-25
e,Macht,-,-,-,Poder,-,0/0 11-02-24,1/3 11-02-24
e,Mauer,-,-n,-,Muro,-,0/0 11-02-24,1/2 11-02-24
r,Minister,-,-,-,Ministro,-,0/0 11-02-24,1/1 14-02-25
s,Mitglied,-,-er,-,Miembro,-,1/2 11-02-24,0/0 11-02-24
e,Operation,-,-en,-,Operación,-,0/0 11-02-24,0/0 11-02-24
e,Opposition,-,-,-,Oposición,-,0/0 11-02-24,0/0 11-02-24
s,Parlament,-,-e,-,Parlamento,-,0/0 11-02-24,0/0 11-02-24
e,Partei,-,-en,-,Partido,-,0/0 11-02-24,0/0 11-02-24
e,Politik,-,-,-,Política,-,0/0 11-02-24,0/0 11-02-24
r,Protest,-,-e,-,Protesta,-,0/0 11-02-24,0/0 11-02-24
r,Raucher,-,-,-,Fumador,-,0/0 11-02-24,0/0 11-02-24
e,Reform,-,-en,-,Reforma,-,0/0 11-02-24,0/0 11-02-24
e,Regierung,-,-en,-,Gobierno,-,0/0 11-02-24,1/2 14-02-25
r,Sozialdemokrat,-,-en,-,Socialdemócrata,-,0/0 11-02-24,1/2 11-02-24
r,Staat,-,-en,-,Estado,-,0/0 11-02-24,0/0 11-02-24
r,Familienstand,-,-e,-,Estado civil,-,0/0 11-02-24,1/4 11-02-24
s,Stadiom,-,-,-,Estadio,-,0/0 11-02-24,1/2 11-02-24
r,Streik,-,-s,-,Huelga,-,1/2 11-02-24,0/0 11-02-24
s,System,-,-e,-,Sistema,-,0/0 11-02-24,0/0 11-02-24
s,Unglück,-,-,-,Desgracia,-,0/0 11-02-24,0/0 11-02-24
r,Unterschied,-,-e,-,Diferencia,-,0/0 11-02-24,0/0 11-02-24
e,Verfassung,-,-,-,Constitución,-,0/0 11-02-24,0/0 11-02-24
e,Verletzung,-,-en,-,Lesión,-,0/0 11-02-24,1/2 11-02-24
r,Vorschlag,-,⸚e,-,Propuesta,-,0/0 11-02-24,1/2 11-02-24
r,Heiratsantrag,-,⸚e,-,Propuesta de matrimonio,-,0/0 11-02-24,0/0 11-02-24
e,Wahl,-,-en,-,Elección,-,0/0 11-02-24,1/2 11-02-24
s,Wahlrecht,-,-e,-,Derecho de voto,-,0/0 11-02-24,0/0 11-02-24
s,Weihnachten,-,-,-,Navidad,-,0/0 11-02-24,0/0 11-02-24
e,Welt,-,-en,-,Mundo,-,1/1 11-02-24,0/0 11-02-24
e,Zeitung,-,-en,-,Periódico,-,0/0 11-02-24,1/2 11-02-24
s,Ziel,-,-e,-,Meta,-,1/2 14-02-25,1/2 11-02-24
r,Zoll,-,-,-,Arancel,-,0/0 11-02-24,0/0 11-02-24
r,Auftrag,-,⸚e,-,Encargo,-,0/0 11-02-24,0/0 11-02-24
-,Vorgesetzte,Vorgesetzte,-n,-n,Superior(a),-,0/2 11-02-24,0/0 11-02-24
e,Kündigung,-,-en,-,Renuncia,-,1/3 11-02-24,2/4 11-02-24
e,Bitte,-,-n,-,Petición,-,1/2 15-02-25,1/2 11-02-24
r,Bescheid,-,-e,-,Aviso,-,0/0 11-02-24,1/2 11-02-24
s,Missverständnis,-,-se,-,Malentendido,-,0/0 11-02-24,0/0 11-02-24
e,Unternehmensführung,-,-en,-,Gestión empresarial,-,0/0 11-02-24,2/5 15-02-25
r,Forschungsetat,-,-s,-,Presupuesto de investigación,-,0/0 11-02-24,1/2 15-02-25
e,Absicht,-,-en,-,Intención,-,0/0 11-02-24,1/2 11-02-24
e,Sitzung,-,-en,-,Sesión,-,0/0 11-02-24,1/2 14-02-25
-,Journalist,Journalistin,-en,-nen,Periodista,-,0/0 11-02-24,0/0 11-02-24
s,Ausatmen,-,-,-,Exhalación,-,1/2 14-02-25,0/0 11-02-24
e,Anstrengung,-,-en,-,Esfuerzo,-,0/0 11-02-24,1/2 15-02-25
s,Gedicht,-,-e,-,Poema,-,0/0 11-02-24,1/2 11-02-24
r,Ernst,-,-,-,Seriedad,-,1/2 15-02-25,0/0 11-02-24
e,Wiederholung,-,-en,-,Repetición,-,1/2 14-02-25,0/0 11-02-24
s,Publikum,-,-,-,Público,-,0/0 11-02-24,1/2 11-02-24
e,Bemerkung,-,-en,-,Observación,-,0/0 11-02-24,1/2 11-02-24
-,Verletzte,Verletzte,-n,-n,Herido(a),-,1/2 11-02-24,1/3 11-02-24
e,Leute,-,-,-,Gente,-,0/0 11-02-24,1/2 11-02-24
e,Bühne,-,-n,-,Escenario,-,1/2 15-02-25,1/2 11-02-24
e,Reaktion,-,-en,-,Reacción,-,0/0 11-02-24,0/0 11-02-24
e,Unterschrift,-,-en,-,Firma,-,0/0 11-02-24,0/0 11-02-24
e,Nationalität,-,-en,-,Nacionalidad,-,1/1 11-02-24,0/0 11-02-24
e,Anmeldung,-,-en,-,Inscripción,-,0/0 11-02-24,1/2 11-02-24
e,Faxnummer,-,-n,-,Número de fax,-,0/0 11-02-24,1/2 11-02-24
e,Postleitzahl,-,-en,-,Código postal,-,0/0 11-02-24,0/0 11-02-24
r,Nachname,-,-n,-,Apellido,-,0/0 11-02-24,1/2 11-02-24
r,Zuname,-,-n,-,Apellido,-,1/2 14-02-25,2/3 14-02-25
r,Geburtsname,-,-n,-,Apellido de nacimiento,-,0/0 11-02-24,0/0 11-02-24
r,Mädchenname,-,-n,-,Apellido de soltera,-,0/0 11-02-24,0/0 11-02-24
r,Doppelname,-,-n,-,Apellido compuesto,-,0/0 11-02-24,0/0 11-02-24
r,Titel,-,-,-,Título,-,0/0 11-02-24,0/0 11-02-24
r,Spitzname,-,-n,-,Apodo,-,0/0 11-02-24,1/2 11-02-24
e,Initialen,-,-,-,Iniciales,-,0/0 11-02-24,0/0 11-02-24
r,Kosename,-,-n,-,Sobrenombre cariñoso,-,0/0 11-02-24,1/2 11-02-24
r,Rufname,-,-n,-,Nombre de uso,-,0/0 11-02-24,2/5 11-02-24
r,Führerschein,-,-e,-,Licencia de conducir,-,1/2 11-02-24,1/2 13-02-25
r,Schatz,-,⸚e,-,Tesoro,-,1/2 11-02-24,0/0 11-02-24
r,Liebling,-,-e,-,Favorito,-,0/0 11-02-24,0/0 11-02-24
r,Engel,-,-,-,Ángel,-,0/0 11-02-24,1/2 11-02-24
r,Spatz,-,-en,-,Gorrión,-,0/0 11-02-24,0/0 11-02-24
r,Mausi,-,-,-,Ratón,cariñoso,0/0 11-02-24,1/2 14-02-25
e,Süße,-,-n,-,Dulzura,-,0/0 11-02-24,0/0 11-02-24
s,Formular,-,-e,-,Formulario,-,0/0 11-02-24,1/2 11-02-24
s,Anmeldeformular,-,-e,-,Formulario de registro,-,0/0 11-02-24,1/2 11-02-24
-,Notar,Notarin,-e,-nen,Notario,-,0/0 11-02-24,0/0 11-02-24
e,Arbeitsgenehmigung,-,-en,-,Permiso de trabajo,-,0/0 11-02-24,1/3 14-02-25
e,Anmeldebestätigung,-,-en,-,Confirmación de registro,-,1/2 11-02-24,0/0 11-02-24
e,Gebühr,-,-en,-,Cuota,-,0/0 11-02-24,1/3 11-02-24
e,Redewendung,-,-en,-,Expresión idiomática,-,0/0 11-02-24,0/0 11-02-24
r,Aufsatz,-,⸚e,-,Ensayo,-,0/0 11-02-24,0/0 11-02-24
e,USA,-,-,-,Estados Unidos,-,0/0 11-02-24,1/2 15-02-25
s,Japan,-,-,-,Japón,-,0/0 11-02-24,0/0 11-02-24
-,Japaner,Japanerin,-,-in,Japonés(a),-,0/0 11-02-24,0/0 11-02-24
s,Deutschland,-,-,-,Alemania,-,0/0 11-02-24,0/0 11-02-24
-,Deutscher,Deutsche,-,-in,Alemán(a),-,1/1 14-02-25,0/0 11-02-24
s,Frankreich,-,-,-,Francia,-,0/0 11-02-24,0/0 11-02-24
e,Schweiz,-,-,-,Suiza,-,0/0 11-02-24,0/0 11-02-24
-,Schweizer,Schweizerin,-,-in,Suizo(a),-,0/0 11-02-24,1/2 13-02-25
s,Italien,-,-,-,Italia,-,0/0 11-02-24,1/2 11-02-24
e,Niederlande,-,-,-,Países Bajos,-,0/0 11-02-24,0/0 11-02-24
s,Spanien,-,-,-,España,-,0/0 11-02-24,1/1 14-02-25
s,England,-,-,-,Inglaterra,-,0/0 11-02-24,1/1 11-02-24
s,Russland,-,-,-,Rusia,-,2/2 14-02-25,0/0 11-02-24
s,China,-,-,-,China,-,2/2 14-02-25,0/0 11-02-24
s,Brasilien,-,-,-,Brasil,-,1/4 15-02-25,0/0 11-02-24
-,Brasilianer,Brasilianerin,-,-in,Brasileño(a),-,0/0 11-02-24,2/5 13-02-25
s,Kanada,-,-,-,Canadá,-,0/0 11-02-24,0/0 11-02-24
-,Kanadier,Kanadierin,-,-in,Canadiense,-,1/1 14-02-25,0/0 11-02-24
s,Australien,-,-,-,Australia,-,0/0 11-02-24,1/2 14-02-25
-,Australier,Australierin,-,-in,Australiano(a),-,0/0 11-02-24,2/3 14-02-25
s,Mexiko,-,-,-,México,-,0/0 11-02-24,0/0 11-02-24
-,Mexikaner,Mexikanerin,-,-in,Mexicano(a),-,1/1 14-02-25,1/1 13-02-25
s,Indien,-,-,-,India,-,0/0 11-02-24,0/0 11-02-24
-,Inder,Inderin,-,-in,Indio(a),-,0/0 11-02-24,0/0 11-02-24
e,Türkei,-,-,-,Turquía,-,0/0 11-02-24,1/2 11-02-24
-,Türke,Türkin,-,-in,Turco(a),-,0/0 11-02-24,0/0 11-02-24
s,Belgien,-,-,-,Bélgica,-,0/0 11-02-24,0/0 11-02-24
-,Belgier,Belgierin,-,-in,Belga,-,0/0 11-02-24,1/2 11-02-24
r,Bulgar,-,-n,-,Búlgaro,-,0/0 11-02-24,1/2 11-02-24
-,Bulgarin,Bulgaren,-,-nen,Búlgaro(a),-,0/0 11-02-24,0/0 11-02-24
s,Dänemark,-,-,-,Dinamarca,-,0/0 11-02-24,1/2 11-02-24
s,Estland,-,-,-,Estonia,-,0/0 11-02-24,1/2 13-02-25
-,Este,Estin,-,-in,Estonio(a),-,0/0 11-02-24,0/0 11-02-24
s,Finnland,-,-,-,Finlandia,-,1/2 11-02-24,0/0 11-02-24
s,Griechenland,-,-,-,Grecia,-,0/0 11-02-24,1/2 14-02-25
s,Großbritannien,-,-,-,Reino Unido,-,0/0 11-02-24,0/0 11-02-24
s,Irland,-,-,-,Irlanda,-,0/0 11-02-24,0/0 11-02-24
-,Ire,Irin,-,-in,Irlandés(a),-,0/0 11-02-24,0/0 11-02-24
s,Lettland,-,-,-,Letonia,-,0/0 11-02-24,0/0 11-02-24
-,Lette,Lettin,-,-in,Letón(a),-,0/0 11-02-24,0/0 11-02-24
s,Litauen,-,-,-,Lituania,-,0/0 11-02-24,0/0 11-02-24
-,Litauer,Litauerin,-,-in,Lituano(a),-,0/0 11-02-24,2/5 15-02-25
s,Luxemburg,-,-,-,Luxemburgo,-,0/0 11-02-24,0/0 11-02-24
-,Luxemburger,Luxemburgerin,-,-in,Luxemburgués(a),-,0/0 11-02-24,0/0 11-02-24
s,Malta,-,-,-,Malta,-,0/0 11-02-24,2/3 11-02-24
-,Malteser,Malteserin,-,-in,Maltés(a),-,1/4 14-02-25,1/2 14-02-25
s,Polen,-,-,-,Polonia,-,1/1 14-02-25,0/0 11-02-24
s,Portugal,-,-,-,Portugal,-,0/0 11-02-24,1/2 11-02-24
s,Rumänien,-,-,-,Rumania,-,0/0 11-02-24,1/2 11-02-24
s,Schweden,-,-,-,Suecia,-,0/0 11-02-24,0/0 11-02-24
-,Schwede,Schwedin,-,-in,Sueco(a),-,1/2 14-02-25,0/0 11-02-24
s,Slowakei,-,-,-,Eslovaquia,-,0/0 11-02-24,1/2 11-02-24
-,Slowake,Slowakin,-,-in,Eslovaco(a),-,0/0 11-02-24,0/0 11-02-24
s,Slowenien,-,-,-,Eslovenia,-,1/2 11-02-24,0/0 11-02-24
-,Slowene,Slowenin,-,-in,Esloveno(a),-,0/0 11-02-24,0/0 11-02-24
s,Tschechien,-,-,-,Chequia,-,0/0 11-02-24,0/0 11-02-24
s,Ungarn,-,-,-,Hungría,-,0/0 11-02-24,0/0 11-02-24
-,Ungar,Ungarin,-,-in,Húngaro(a),-,0/0 11-02-24,0/0 11-02-24
s,Zypern,-,-,-,Chipre,Idioma,1/2 11-02-24,0/0 11-02-24
-,Zypriot,Zypriotin,-,-in,Chipriota,-,0/0 11-02-24,0/0 11-02-24
s,Chinesish,-,-,-,Chino,-,1/1 14-02-25,1/4 15-02-25
-,Chinese,Chinesin,-,-in,Chino(a),-,1/1 15-02-25,1/1 11-02-24
s,Russisch,-,-,-,Ruso,Idioma,0/0 11-02-24,1/2 15-02-25
-,Russe,Russin,-,-in,Ruso(a),-,0/0 11-02-24,0/0 11-02-24
s,Spanisch,-,-,-,Español,Idioma,0/0 11-02-24,0/0 11-02-24
-,Spanier,Spanierin,-,-nen,Español(a),-,0/0 11-02-24,0/0 11-02-24
s,Polnisch,-,-,-,Polaco,Idioma,0/0 11-02-24,1/2 14-02-25
-,Pole,Polin,-,-nen,Polaco(a),-,0/0 11-02-24,0/0 11-02-24
s,Rumänisch,-,-,-,Rumano,Idioma,0/0 11-02-24,0/0 11-02-24
-,Rumäne,Rumänin,-,-n,Rumano(a),-,0/0 11-02-24,0/0 11-02-24
s,Niederländisch,-,-,-,Holandés,Idioma,0/0 11-02-24,1/2 11-02-24
-,Niederländer,Niederländerin,-,-nen,Holandés(a),-,1/3 13-02-25,1/2 15-02-25
s,Dänisch,-,-,-,Danés,Idioma,0/0 11-02-24,0/0 11-02-24
-,Däne,Dänin,-,-n,Danés(a),-,0/0 11-02-24,0/0 11-02-24
s,Griechisch,-,-,-,Griego,Idioma,0/0 11-02-24,0/0 11-02-24
-,Grieche,Griechin,-,-n,Griego(a),-,0/0 11-02-24,0/0 11-02-24
s,Tschechisch,-,-,-,Checo,Idioma,0/0 11-02-24,1/3 11-02-24
-,Tscheche,Tschechin,-,-n,Checo(a),-,0/0 11-02-24,0/0 11-02-24
s,Finnisch,-,-,-,Finés,Idioma,0/0 11-02-24,1/2 11-02-24
-,Finne,Finnin,-,-nen,Finlandés(a),-,0/0 11-02-24,0/0 11-02-24
s,Englisch,-,-,-,Inglés,Idioma,0/0 11-02-24,1/2 11-02-24
-,Engländer,Engländerin,-,-nen,Inglés(a),-,0/0 11-02-24,0/0 11-02-24
s,Französisch,-,-,-,Francés,Idioma,0/0 11-02-24,1/2 11-02-24
-,Franzose,Französin,-,-nen,Francés(a),-,0/0 11-02-24,0/0 11-02-24
s,Italienisch,-,-,-,Italiano,Idioma,0/0 11-02-24,1/2 11-02-24
-,Italiener,Italienerin,-,-nen,Italiano(a),-,1/2 11-02-24,0/0 11-02-24
s,Portugiesisch,-,-,-,Portugués,Idioma,0/0 11-02-24,1/3 11-02-24
-,Portugiese,Portugiesin,-,-nen,Portugués(a),-,0/0 11-02-24,0/0 11-02-24
s,Asien,-,-,-,Asia,-,0/0 11-02-24,0/0 11-02-24
-,Asiat,Asiatin,-,-nen,Asiático(a),-,0/0 11-02-24,0/0 11-02-24
s,Amerika,-,-,-,América,-,0/0 11-02-24,0/0 11-02-24
-,Amerikaner,Amerikanerin,-,-nen,Americano(a),-,0/0 11-02-24,0/0 11-02-24
s,Lateinamerika,-,-,-,América Latina,-,0/0 11-02-24,0/0 11-02-24
-,Lateinamerikaner,Lateinamerikanerin,-,-nen,Latino(a),-,1/2 15-02-25,0/0 11-02-24
s,Afrika,-,-,-,África,-,0/0 11-02-24,0/0 11-02-24
-,Afrikaner,Afrikanerin,-,-nen,Africano(a),-,0/0 11-02-24,0/0 11-02-24
s,Ozeanien,-,-,-,Oceanía,-,0/0 11-02-24,1/2 11-02-24
-,Ozeanier,Ozeanierin,-,-nen,Oceánico(a),-,0/0 11-02-24,1/3 11-02-24
-,Europäer,Europäerin,-,-nen,Europeo(a),-,1/1 11-02-24,0/0 11-02-24
r,Schnuller,-,-,-,Chupón,-,0/0 11-02-24,1/2 14-02-25
r,Kinderwagen,-,-,-,Carriola,-,0/0 11-02-24,1/2 11-02-24
e,Wiege,-,-n,-,Cuna,-,1/2 11-02-24,1/4 11-02-24
e,Windel,-,-n,-,Pañal,-,1/3 11-02-24,1/2 14-02-25
r,Teddy,-,-s,-,Osito de peluche,-,0/0 11-02-24,1/2 14-02-25
s,Töpfchen,-,-,-,Bacinica,-,0/0 11-02-24,0/0 11-02-24
e,Kindheit,-,-,-,Infancia,-,0/0 11-02-24,0/0 11-02-24
r,Säugling,-,-e,-,Lactante,-,0/0 11-02-24,0/0 11-02-24
-,Neugeborene,Neugeborene,-n,-n,Recién nacido(a),-,1/2 11-02-24,1/2 14-02-25
s,Kleinkind,-,-er,-,Niño pequeño,-,1/2 11-02-24,0/0 11-02-24
e,Spielsachen,-,-,-,Juguetes,-,0/0 11-02-24,0/0 11-02-24
s,Stofftier,-,-e,-,Peluche,-,0/0 11-02-24,0/0 11-02-24
e,Hebamme,-,-n,-,Partera,-,0/0 11-02-24,0/0 11-02-24
e,Ritterfigur,-,-en,-,Figura de caballero,-,0/0 11-02-24,0/0 11-02-24
r,Rhythmus,-,-en,-,Ritmo,-,0/0 11-02-24,1/5 11-02-24
r,Haustaub,-,-,-,Polvo doméstico,-,0/0 11-02-24,2/4 15-02-25
e,Form,-,-en,-,Forma,-,0/0 11-02-24,0/0 11-02-24
s,Skateboard,-,-s,-,Patineta,-,0/0 11-02-24,1/2 11-02-24
e,Inlineskates,-,-,-,Patines en línea,-,0/0 11-02-24,1/2 11-02-24
s,Dreirad,-,-räder,-,Triciclo,-,0/0 11-02-24,1/2 14-02-25
r,Roller,-,-,-,Scooter,-,0/0 11-02-24,1/2 14-02-25
r,Sandkasten,-,-,-,Arenero,-,0/0 11-02-24,1/2 11-02-24
e,Karten,-,-,-,Cartas,-,0/0 11-02-24,1/2 11-02-24
r,Schlittschuh,-,-e,-,Patín de hielo,-,0/0 11-02-24,2/4 14-02-25
r,Schlitten,-,-,-,Trineo,-,0/0 11-02-24,0/0 11-02-24
e,Jugendliche,-,-n,-,Adolescente,-,0/0 11-02-24,0/0 11-02-24
r,Teenager,-,-,-,Adolescente,-,0/0 11-02-24,0/0 11-02-24
e,Pubertät,-,-,-,Pubertad,-,1/1 11-02-24,1/1 14-02-25
-,Babysitter,Babysitterin,-,-nen,Niñero(a),-,0/0 11-02-24,1/2 11-02-24
e,Tagesmutter,-,-,-,Niñera de día,-,1/3 13-02-25,1/2 11-02-24
e,Kinderkrippe,-,-n,-,Guardería,-,0/0 11-02-24,1/3 11-02-24
-,Betreuer,Betreuerin,-,-nen,Cuidador(a),-,0/0 11-02-24,0/0 11-02-24
r,Personalausweis,-,-e,-,DNI,-,0/0 11-02-24,0/0 11-02-24
e,Lebenserwartung,-,-en,-,Esperanza de vida,-,0/0 11-02-24,0/0 11-02-24
r,Rentner,-,-,-,Pensionista,-,0/0 11-02-24,0/0 11-02-24
e,Wechseljahre,-,-,-,Menopausia,-,0/0 11-02-24,1/2 11-02-24
r,Frührentner,-,-,-,Prejubilado,-,0/0 11-02-24,0/0 11-02-24
s,Altersheim,-,-e,-,Residencia de ancianos,-,0/0 11-02-24,0/0 11-02-24
e,Schwäche,-,-n,-,Debilidad,-,0/0 11-02-24,1/3 11-02-24
e,Beiträge,-,-,-,Contribuciones,-,2/4 14-02-25,0/0 11-02-24
e,Todesanzeige,-,-n,-,Esquela,-,0/0 11-02-24,1/2 11-02-24
e,Beisetzung,-,-en,-,Entierro,-,0/0 11-02-24,0/0 11-02-24
r,Familienkreis,-,-e,-,Círculo familiar,-,0/0 11-02-24,2/4 14-02-25
r,Tote,-,-n,-,Muerto(a),-,0/0 11-02-24,0/0 11-02-24
r,Friedhof,-,⸚e,-,Cementerio,-,0/0 11-02-24,0/0 11-02-24
s,Grab,-,⸚er,-,Tumba,-,0/0 11-02-24,0/0 11-02-24
r,Todkranke,-,-n,-,Paciente terminal,-,0/0 11-02-24,0/0 11-02-24
s,Hospiz,-,-e,-,Hospicio,-,0/0 11-02-24,0/0 11-02-24
e,Todesursache,-,-n,-,Causa de muerte,-,0/0 11-02-24,1/3 11-02-24
e,Obduktion,-,-en,-,Autopsia,-,1/2 15-02-25,0/0 11-02-24
s,Fräulein,-,-,-,Señorita,-,0/0 11-02-24,0/0 11-02-24
e,Mark,-,-,-,Marco,-,0/0 11-02-24,0/0 11-02-24
e,Münze,-,-n,-,Moneda,-,0/0 11-02-24,0/0 11-02-24
e,Währung,-,-en,-,Moneda/Divisa,-,0/0 11-02-24,0/0 11-02-24
r,Zufall,-,⸚e,-,Casualidad,-,1/4 11-02-24,0/0 11-02-24
-,Schwager,Schwägerin,-,-nen,Cuñado(a),-,0/0 11-02-24,1/2 14-02-25
-,Ehemann,Ehefrau,-,-en,Esposo(a),-,1/1 11-02-24,0/0 11-02-24
-,Großvater,Großmutter,-,-n,Abuelo(a),-,0/0 11-02-24,1/1 14-02-25
-,Onkel,Tante,-,-n,Tío(a),-,0/0 11-02-24,0/0 11-02-24
-,Enkel,Enkelin,-,-nen,Nieto(a),-,0/0 11-02-24,0/0 11-02-24
-,Cousin,Cousine,-,-n,Primo(a),-,0/0 11-02-24,0/0 11-02-24
-,Sohn,Tochter,-,-,Hijo(a),-,1/1 11-02-24,0/0 11-02-24
-,Bruder,Schwester,-,-n,Hermano(a),-,0/0 11-02-24,0/0 11-02-24
-,Neffe,Nichte,-,-n,Sobrino(a),-,0/0 11-02-24,0/0 11-02-24
s,Geschwister,-,-,-,Hermano,-,0/0 11-02-24,0/0 11-02-24
s,Einzelkind,-,-er,-,Hijo único,-,0/0 11-02-24,1/2 11-02-24
s,Enkelkind,-,-er,-,Nieto,-,0/0 11-02-24,0/0 11-02-24
e,Verwandtschaft,-,-,-,Parentesco,-,0/0 11-02-24,0/0 11-02-24
r,Vorfahr,-,-en,-,Ancestro,-,1/2 11-02-24,1/2 14-02-25
r,Angehörige,-,-n,-,Familiar,-,0/0 11-02-24,1/2 11-02-24
-,Nachbar,Nachbarin,-,-nen,Vecino(a),-,0/0 11-02-24,1/1 14-02-25
e,Nachbarschaft,-,-,-,Vecindario,-,0/0 11-02-24,0/0 11-02-24
e,Freundschaft,-,-en,-,Amistad,de amigos,1/1 11-02-24,0/0 11-02-24
e,Bekkantschaft,-,-en,-,Conocimiento/Amistad,de conocidos,0/0 11-02-24,0/0 11-02-24
e,Bekannte,-,-n,-,Conocido,-,0/0 11-02-24,0/0 11-02-24
r,Partner,-,-,-,Compañero,-,0/0 11-02-24,0/0 11-02-24
e,Beziehung,-,-en,-,Relación,general,0/0 11-02-24,0/0 11-02-24
e,Partnerschaft,-,-en,-,Relación,de pareja o colaboración igualitaria,0/0 11-02-24,1/2 11-02-24
s,Verhältnis,-,-se,-,Relación,más abstracta a menudo temporal o en contextos específicos,0/0 11-02-24,1/2 14-02-25
r,Kontakt,-,-e,-,Contacto,-,0/0 11-02-24,1/2 11-02-24
r,Freundschaftsdienst,-,-e,-,Favor entre amigos,-,0/0 11-02-24,1/2 14-02-25
s,Mitleid,-,-,-,Compasión,-,0/0 11-02-24,1/2 14-02-25
r,Konkurrent,-,-en,-,Competidor,-,1/2 11-02-24,0/0 11-02-24
e,Sehnsucht,-,⸚e,-,Nostalgia,extrañar o ganas de buscar algo,2/4 14-02-25,1/2 11-02-24
s,Heimweh,-,-,-,Nostalgia,de casa o patria,0/0 11-02-24,0/0 11-02-24
e,Nostalgie,-,-,-,Nostalgia,de algo que no se va a recuperar,0/0 11-02-24,0/0 11-02-24
e,Liebe,-,-,-,Amor,-,0/0 11-02-24,0/0 11-02-24
r,Single,-,-s,-,Soltero,-,1/2 11-02-24,1/1 15-02-25
r,Junggeselle,-,-n,-,Soltero,-,0/0 11-02-24,0/0 11-02-24
r,Nachfolger,-,-,-,Sucesor,-,0/0 11-02-24,2/3 14-02-25
-,Liebhaber,Liebhaberin,-,-nen,Amante,-,0/0 11-02-24,0/0 11-02-24
-,Verlobter,Verlobte,-n,-n,Novio(a),-,0/0 11-02-24,0/0 11-02-24
-,Bräutigam,Braut,-,⸚e,Novio(a),-,1/1 11-02-24,2/4 11-02-24
e,Zärtlichkeit,-,-en,-,Ternura,-,0/0 11-02-24,0/0 11-02-24
e,Verliebtheit,-,-en,-,Enamoramiento,-,0/0 11-02-24,2/4 11-02-24
-,Gatte,Gattin,-,-n,Cónyuge,-,1/2 11-02-24,0/0 11-02-24
r,Ehepartner,-,-,-,Cónyuge,-,0/0 11-02-24,1/2 11-02-24
s,Standesamt,-,⸚er,-,Registro civil,-,0/0 11-02-24,0/0 11-02-24
r,Trauzeuge,-,-n,-,Padrino de boda,-,0/0 11-02-24,0/0 11-02-24
e,Trennung,-,-en,-,Separación,-,0/0 11-02-24,0/0 11-02-24
e,Scheidung,-,-en,-,Divorcio,-,0/0 11-02-24,0/0 11-02-24
r,Hochzeitstag,-,-e,-,Aniversario de bodas,-,1/3 11-02-24,0/0 11-02-24
e,Affäre,-,-n,-,Aventura,-,0/0 11-02-24,0/0 11-02-24
r,Witwer,-,-,-,Viudo,-,0/0 11-02-24,1/2 11-02-24
