Infinitiv,Präsens,Partizip II,Präteritum,Konjunktiv II,Übersetzung,Beschreibung,Kasus,Treffer Konjugations,Treffer Spanisch,Treffer Deutsch
sein,ist,ist gewesen,war,wäre,ser/estar,-,-,0/0,0/0,1/1
stimmen,stimmt,hat gestimmt,stimmte,stimmte,estar correcto/ser cierto,-,Akk,0/0,0/0,1/2
gelten,gilt,hat gegolten,galt,gälte,ser válido,-,-,0/0,0/0,0/0
stehen,steht,hat gestanden,stand,stünde,estar de pie,-,Akk,0/0,0/0,1/2
liegen,liegt,hat gelegen,lag,läge,estar acostado,-,Akk,0/0,2/4,0/0
sitzen,sitzt,hat gesessen,saß,säße,estar sentado,-,Akk,0/0,1/2,0/0
nahestehen,steht nahe,hat nahegestanden,stand nahe,stünde nahe,estar cerca de,-,Dat,0/0,2/3,2/2
stecken,steckt,hat gesteckt,steckte,steckte,meter/estar metido,-,Akk,0/0,0/0,0/0
hängen,hängt,hat gehängt/gehangen,hing,hinge,colgar/estar colgado,-,Akk,0/0,1/1,1/1
aufhängen,hängt auf,hat aufgehängt,hängte auf,hängte auf,colgar,solo colgar,Akk,0/0,0/0,0/0
haben,hat,hat gehabt,hatte,hätte,tener,-,Akk,0/0,0/0,1/1
stattfinden,findet statt,hat stattgefunden,fand statt,fände statt,tener lugar/celebrarse,-,Akk,0/0,0/0,1/2
müssen,muss,hat gemusst,musste,müsste,tener que,-,Akk,0/0,0/0,1/1
frieren,friert,hat gefroren,fror,fröre,tener frío,-,Akk,0/0,1/2,0/0
berücksichtigen,berücksichtigt,hat berücksichtigt,berücksichtigte,berücksichtigte,tener en cuenta,-,Akk,0/0,0/0,1/2
merken,merkt,hat gemerkt,merkte,merkte,darse cuenta de,-,Akk,0/0,1/2,0/0
hoffen,hofft,hat gehofft,hoffte,hoffte,esperar,de esperanza,Akk,0/0,1/1,1/2
warten,wartet,hat gewartet,wartete,wartete,esperar,de tiempo,Akk,0/0,0/0,0/0
führen,führt,hat geführt,führte,führte,llevar/dirigir,-,Akk,0/0,0/0,0/0
fahren,fährt,ist gefahren,fuhr,führe,conducir,-,-,0/0,1/1,1/1
mitnehmen,nimmt mit,hat mitgenommen,nahm mit,nähme mit,llevar consigo,-,Akk,0/0,1/2,1/2
anhaben,hat an,hat angehabt,hatte an,hätte an,llevar puesto,-,Akk,0/0,1/2,0/0
tragen,trägt,hat getragen,trug,trüge,llevar puesto/sostener,-,Akk,0/0,0/0,1/2
halten,hält,hat gehalten,hielt,hält,sostener/mantener,-,Akk,0/0,0/0,1/2
hinbringen,bringt hin,hat hingebracht,brachte hin,brächte hin,transportar/llevar a,-,AkkDat,0/0,0/0,0/0
vorhaben,hat vor,hat vorgehabt,hatte vor,hätte vor,planear/proponerse,-,Akk,0/0,0/0,1/2
planen,plant,hat geplant,plante,plante,planear,-,Akk,0/0,0/0,1/2
kommen,kommt,ist gekommen,kam,käme,venir,-,-,0/0,0/0,0/0
wiederkommen,kommt wieder,ist wiedergekommen,kam wieder,käme wieder,volver,visita repetida,-,0/0,0/1,1/2
zurückkommen,kommt zurück,ist zurückgekommen,kam zurück,käme zurück,volver,volver al punto de origen,-,0/0,0/0,1/3
bekommen,bekommt,hat bekommen,bekam,bekäme,recibir,-,Akk,0/0,0/0,0/0
erhalten,erhält,hat erhalten,erhielt,erhielte,recibir,-,Akk,0/0,0/0,1/2
ankommen,kommt an,ist angekommen,kam an,käme an,llegar a,-,Akk,0/0,1/2,0/0
kennenlernen,lernt kennen,hat kennengelernt,lernte kennen,lernte kennen,conocer/llegar a saber,familiarizarse con alguien o algo,Akk,0/0,0/0,1/1
wissen,weiß,hat gewusst,wusste,wüsste,saber,-,-,0/0,0/0,1/2
schmecken,schmeckt,hat geschmeckt,schmeckte,schmeckte,saber,saber de sabor,Dat,0/0,0/0,0/0
kennen,kennt,hat gekannt,kannte,kannte,conocer,-,Akk,0/0,0/0,2/4
entkommen,entkommt,ist entkommen,entkam,entkäme,escapar,-,Dat,0/0,2/4,0/0
vorbeikommen,kommt vorbei,ist vorbeigekommen,kam vorbei,käme vorbei,pasar por,-,-,0/0,0/0,1/2
abfahren,fährt ab,ist abgefahren,fuhr ab,führe ab,salir/partir,en un vehículo,-,0/0,0/0,1/2
ausgehen,geht aus,ist ausgegangen,ging aus,gänge aus,salir,socialmente,-,0/0,0/0,0/0
erfahren,erfährt,hat erfahren,erfuhr,erführe,aprender/enterarse de,-,Akk,0/0,1/2,0/0
lernen,lernt,hat gelernt,lernte,lernte,aprender,no nivel superior,Akk,0/0,0/0,0/0
erleben,erlebt,hat erlebt,erlebte,erlebte,vivir/experimentar,-,Akk,0/0,0/0,1/1
leben,lebt,hat gelebt,lebte,lebte,vivir,-,Akk,0/0,0/0,1/1
wohnen,wohnt,hat gewohnt,wohnte,wohnte,vivir,en un lugar,Dat,0/0,1/1,0/0
wegfahren,fährt weg,ist weggefahren,fuhr weg,führe weg,irse,en vehículo,-,0/0,1/1,0/0
weggehen,geht weg,ist weggegangen,ging weg,gänge weg,irse,-,-,0/0,0/0,1/3
denken,denkt,hat gedacht,dachte,dächte,pensar,-,-,1/2,0/0,1/1
meinen,meint,hat gemeint,meinte,meinte,opinar,-,Akk,0/0,0/0,1/2
nachdenken,denkt nach,hat nachgedacht,dachte nach,dächte nach,reflexionar,pensar detenidamente,-,0/0,0/0,0/0
überlegen,überlegt,hat überlegt,überlegte,überlegte,reflexionar,considerar o ponderar algo,Akk,0/0,0/0,1/2
studieren,studiert,hat studiert,studierte,studierte,estudiar,sólo nivel superior,Acc,1/1,0/0,0/0
wählen,wählt,hat gewählt,wählte,wählte,elegir,-,Akk,0/0,0/0,0/0
tun,tut,hat getan,tat,täte,hacer,-,Akk,0/0,1/1,1/1
machen,macht,hat gemacht,machte,machte,hacer,-,Akk,0/0,1/1,1/1
erledigen,erledigt,hat erledigt,erledigte,erledigte,hacer,hacer algo hasta completarlo,Akk,0/0,1/2,0/0
einkaufen,kauft ein,hat eingekauft,kaufte ein,kaufte ein,hacer la compra,-,Akk,0/0,1/3,1/1
wandern,wandert,ist gewandert,wanderte,wanderte,hacer senderismo,-,-,1/2,1/2,0/0
umsteigen,steigt um,ist umgestiegen,stieg um,stiege um,hacer transbordo,-,Akk,0/0,0/0,1/2
turnen,turnt,hat geturnt,turnte,turnte,hacer gimnasia,-,Akk,0/0,0/0,0/0
basteln,bastelt,hat gebastelt,bastelte,bastelte,hacer manualidades,-,Akk,0/0,0/0,0/0
wehtun,tut weh,hat wehgetan,tat weh,täte weh,doler/hacer daño,-,Akk,0/0,0/0,0/0
schmerzen,schmerzt,hat geschmerzt,schmerzte,schmerzte,doler,-,Akk,0/0,0/0,0/0
streiken,streikt,hat gestreikt,streikte,streikte,hacer huelga,-,-,1/4,1/2,0/0
zumachen,macht zu,hat zugemacht,machte zu,machte zu,cerrar,-,Akk,0/0,1/2,0/0
schließen,schließt,hat geschlossen,schloss,schlösse,cerrar,-,Akk,0/0,2/3,0/0
aufmachen,macht auf,hat aufgemacht,machte auf,machte auf,abrir,general,Akk,0/0,0/0,1/2
öffnen,öffnet,hat geöffnet,öffnete,öffnete,abrir,más formal y técnico,Akk,0/0,1/1,0/0
anmachen,macht an,hat angemacht,machte an,machte an,encender,-,Akk,0/0,0/0,1/2
ausmachen,macht aus,hat ausgemacht,machte aus,machte aus,apagar/concertar,-,Akk,0/0,1/2,0/0
abstellen,stellt ab,hat abgestellt,stelle ab,stelle ab,apagar/estacionar,-,Akk,0/0,0/0,0/0
parken,parkt,hat geparkt,parkte,parkte,aparcar,-,Akk,0/0,0/0,2/3
sagen,sagt,hat gesagt,sagte,sagte,decir,-,Dat,0/0,0/0,1/1
reden,redet,hat geredet,redete,redete,hablar/conversar,-,Akk,0/0,1/1,0/0
sich unterhalten,unterhält sich,hat sich unterhalten,unterhielt sich,unterhielte sich,conversar,charlar o entretenerse,-,0/0,0/0,0/0
sprechen,spricht,hat gesprochen,sprach,spräche,hablar,-,Akk,0/0,0/0,1/1
telefonieren,telefoniert,hat telefoniert,telefonierte,telefonierte,hablar por teléfono,-,Akk,0/0,0/0,1/2
anrufen,ruft an,hat angerufen,rief an,rüfe an,llamar por teléfono,hacer una llamada telefónica,Akk,0/0,0/0,0/0
rufen,ruft,hat gerufen,rief,rüfe,llamar,con la voz,Akk,0/0,0/0,1/2
klingeln,klingelt,hat geklingelt,klingelte,klingelte,llamar,sonar un timbre o teléfono,Akk,0/0,0/0,0/0
nennen,nennt,hat genannt,nannte,nänne,llamar,nombrar algo,AkkDat,0/0,1/1,0/0
anreden,anredet,hat angeredet,anredete,anredete,dirigirse a,alguien,Akk,0/0,0/0,1/2
ansprechen,spricht an,hat angesprochen,sprach an,spräche an,dirigirse a,abordar un tema o persona,Akk,0/0,1/2,0/0
schlafen,schläft,hat geschlafen,schlief,schliefe,dormir,-,-,0/0,1/1,0/0
ausschlafen,schläft aus,hat ausgeschlafen,schlief aus,schlief aus,dormir suficiente,-,-,0/0,1/2,0/0
einschlafen,schläft ein,ist eingeschlafen,schlief ein,schlief ein,quedarse dormido,el proceso de dormirse,-,0/0,0/0,1/1
verschlafen,verschläft,hat verschlafen,verschlief,verschlüfe,quedarse dormido,el dormir de más,-,0/0,0/0,0/0
wegbleiben,bleibt weg,ist weggeblieben,blieb weg,bliebe weg,quedarse fuera,-,-,0/0,0/0,0/0
hören,hört,hat gehört,hörte,hörte,oír,-,Akk,0/0,1/1,0/0
gehören,gehört,hat gehört,gehörte,gehörte,pertenecer,-,Dat,0/0,0/0,1/2
aufhören,hörtauf,hat aufgehört,hörte auf,hörte auf,terminar,parar de hacer algo,Akk,0/0,0/0,0/0
beenden,beendet,hat beendet,beendete,beendete,terminar,finalizar algo,Akk,0/0,0/0,1/2
trinken,trinkt,hat getrunken,trank,tränke,beber,-,Akk,0/0,0/0,1/1
austrinken,trinkt aus,hat ausgetrunken,trank aus,tränke aus,terminar de beber,-,Akk,0/0,1/2,1/1
zuhören,hört zu,hat zugehört,hörte zu,hörte zu,escuchar con atención,-,Dat,0/0,0/0,0/0
leihen,leiht,hat geliehen,lieh,litte,prestar,-,AkkDat,0/0,0/0,0/0
aufpassen,passt auf,hat aufgepasst,passte auf,passte auf,vigilar/prestar atención,-,Akk,0/0,0/0,0/0
pflegen,pflegt,hat gepflegt,pflegte,pflegte,cuidar,-,Akk,0/0,0/0,0/0
betreuen,betreut,hat betreut,betreute,betreute,supervisar,-,-,0/0,1/2,0/0
bedienen,bedient,hat bedient,bediente,bediente,atender/manejar,-,Akk,0/0,0/0,1/2
kaufen,kauft,hat gekauft,kaufte,kaufte,comprar,-,Akk,0/0,1/1,0/0
verkaufen,verkauft,hat verkauft,verkaufte,verkaufte,vender,-,Akk,0/0,0/0,0/0
essen,isst,hat gegessen,aß,äße,comer,-,Akk,0/0,0/0,1/1
fressen,frisst,hat gefressen,fraß,frässe,comer,para animales,Akk,0/0,0/0,0/0
füttern,füttert,hat gefüttert,fütterte,fütterte,dar de comer,-,Akk,0/0,0/0,2/4
geben,gibt,hat gegeben,gab,gäbe,dar,-,AkkDat,0/0,0/0,1/1
finden,findet,hat gefunden,fand,fände,encontrar,-,Akk,0/0,0/0,0/0
sehen,sieht,hat gesehen,sah,sähe,ver,general,Akk,0/0,1/1,0/0
ansehen,sieht an,hat angesehen,sah an,sähe an,ver,ver algo de manera más deliberada,Akk,0/0,0/0,0/0
fernsehen,sieht fern,hat ferngesehen,sah fern,sähe fern,ver la televisión,-,-,0/0,0/0,1/1
aussehen,sieht aus,hat ausgesehen,sah aus,sähe aus,parecer,apariencia,Akk,0/0,0/0,1/1
scheinen,scheint,hat geschienen,schien,schiene,brillar/parecer,parecer algo,Akk,0/0,1/2,1/2
gehen,geht,ist gegangen,ging,gänge,ir,-,-,0/0,0/0,1/1
nehmen,nimmt,hat genommen,nahm,nähme,tomar/agarrar,-,AkkDat,0/0,0/0,1/2
fangen,fängt,hat gefangen,fing,finge,atrapar,-,Akk,0/0,0/0,1/2
abholen,holt ab,hat abgeholt,holte ab,holte ab,recoger,a alguien o algo,Akk,0/0,1/2,0/0
aufnehmen,nimmt auf,hat aufgenommen,nahm auf,nähme auf,grabar/acoger,-,Akk,0/0,0/0,0/0
einsammeln,sammelt ein,hat eingesammelt,sammelte ein,sammelte ein,recoger/recolectar,recoger múltiples cosas,Akk,0/0,0/0,1/2
sammeln,sammelt,hat gesammelt,sammelte,sammelte,recolectar/coleccionar,recoger múltiples cosas,Akk,0/0,0/0,0/0
annehmen,nimmt an,hat angenommen,nahm an,nähme an,aceptar,aceptar algo que se ofrece,Akk,0/0,0/0,2/4
ablehnen,lehnt ab,hat abgelehnt,lehnte ab,lehnte ab,rechazar,-,Akk,0/0,2/4,1/2
programmieren,programmiert,hat programmiert,programmierte,programmierte,programar,-,Akk,0/0,0/0,2/4
antworten,antwortet,hat geantwortet,antwortete,antwortete,responder,-,Akk,0/0,0/0,0/0
beantworten,beantwortet,hat beantwortet,beantwortete,beantwortete,responder a,-,Akk,0/0,1/2,1/1
einsagen,sagt ein,hat eingesagt,sagte ein,sagte ein,soplar/responder por otro,-,-,0/0,0/0,1/2
zählen,zählt,hat gezählt,zählte,zählte,contar,cantidades,Akk,0/0,1/1,2/3
erzählen,erzählt,hat erzählt,erzählte,erzählte,contar,narrar,Akk,0/0,0/0,1/1
mitzählen,zählt mit,hat mitgezählt,zählte mit,zählte mit,contar con,-,Akk,0/0,0/0,0/0
reisen,reist,ist gereist,reiste,reiste,viajar,general,-,0/0,0/0,0/0
verreisen,verreist,ist verreist,verreiste,verreiste,viajar,irse de viaje,-,0/0,0/0,0/0
räumen,räumt,hat geräumt,räumte,räumte,limpiar,despejar/ordenar,Akk,0/0,0/0,1/2
putzen,putzt,hat geputzt,putzte,putzte,limpiar,limpiar algo,Akk,0/0,1/2,0/0
reinigen,reinigte,hat gereinigt,reinigte,reinigte,limpiar,limpiar algo,Akk,0/0,0/0,0/0
aufräumen,räumt auf,hat aufgeräumt,räumte auf,räumte auf,ordenar,ordenar un espacio,Akk,0/0,0/0,1/2
ordnen,ordnet,hat geordnet,ordnete,ordnete,ordenar/organizar,-,-,0/0,0/0,0/0
befehlen,befiehlt,hat befohlen,befahl,befähle,ordenar/mandar,mandato,Dat,0/0,0/0,1/2
bestellen,bestellt,hat bestellt,bestellte,bestellte,pedir/ordenar,-,Akk,0/0,0/0,1/2
bitten,bittet,hat gebeten,bat,bäte,pedir,-,AkkDat,1/5,0/0,0/0
auffordern,fordert auf,hat aufgefordert,forderte auf,förderte auf,invitar/pedir,pedir formalmente,Akk,0/0,0/0,2/4
einladen,lädt ein,hat eingeladen,lud ein,lüde ein,invitar,-,AkkDat,0/0,0/0,2/4
bleiben,bleibt,ist geblieben,blieb,bliebe,permanecer en,-,-,0/0,0/0,0/0
passieren,passiert,ist passiert,passierte,passierte,suceder,-,-,0/0,0/0,0/0
geschehen,geschieht,ist geschehen,geschah,geschähe,suceder,-,-,0/0,1/2,1/1
werden,wird,ist geworden,wurde,würde,convertirse en,-,-,0/0,0/0,1/2
arbeiten,arbeitet,hat gearbeitet,arbeitete,arbeitete,trabajar,-,Akk,0/0,0/0,2/2
lesen,liest,hat gelesen,las,läse,leer,-,Akk,0/0,0/0,3/3
vorlesen,liest vor,hat vorgelesen,las vor,läse vor,leer en voz alta,-,Akk,0/0,0/0,1/2
durchlesen,liest durch,hat durchgelesen,las durch,läse durch,leer por completo,-,Akk,2/8,1/2,0/0
wechseln,wechselt,hat gewechselt,wechselte,wechselte,cambiar,entre cosas,Akk,0/0,2/4,1/1
ändern,ändert,hat geändert,änderte,änderte,cambiar,modificar algo,Akk,0/0,0/0,0/0
austauschen,tauscht aus,hat ausgetauscht,tauschte aus,tauschte aus,cambiar,intercambiar,Akk,0/0,1/2,1/2
lassen,lässt,hat gelassen,ließ,liesse,dejar,-,Akk,0/0,0/0,1/1
verlassen,verlässt,hat verlassen,verließ,verließe,abandonar,-,Akk,0/0,0/0,0/0
hinterlassen,hinterlässt,hat hinterlassen,hinterließ,hinterließe,dejar atrás,-,Akk,1/4,0/0,0/0
abgewöhnen,gewöhnt ab,hat abgewöhnt,gewöhnte ab,gewöhnte ab,dejar un hábito,-,-,0/0,1/3,0/0
mögen,mag,hat gemocht,mochte,möchte,gustar,general,Akk,0/0,0/0,0/0
gefallen,gefällt,hat gefallen,gefiel,gefiel,gustar,encontrar algo agradable,Dat,0/0,0/0,1/2
treten,tritt,ist getreten,trat,träte,entrar,-,Akk,0/0,0/0,1/2
betreten,betritt,hat betreten,betrat,betrat,entrar en,-,Akk,0/0,0/0,1/2
heißen,heißt,hat geheißen,hiess,hiess,llamarse,-,Akk,0/0,0/0,1/1
versprechen,verspricht,hat versprochen,versprach,verspräche,prometer,-,Akk,0/0,0/0,1/3
spielen,spielt,hat gespielt,spielte,spielte,jugar,-,Akk,0/0,0/0,1/1
mitspielen,spielt mit,hat mitgespielt,spielte mit,spielte mit,jugar con/en,-,Akk,0/0,0/0,0/0
tanzen,tanzt,hat getanzt,tanzte,tanzte,bailar,-,Akk,0/0,1/2,0/0
werfen,wirft,hat geworfen,worfen,würfe,tirar/lanzar,-,Akk,0/0,0/0,1/3
wegwerfen,wirft weg,hat weggeworfen,warf weg,würfe weg,tirar/botar,-,Akk,0/0,0/0,1/2
würfeln,würfelt,hat gewürfelt,würfelte,würfelte,tirar los dados,-,Akk,0/0,0/0,2/4
schreiben,schreibt,hat geschrieben,schrieb,schriebe,escribir,-,Akk,0/0,0/0,1/1
abschreiben,schreibt ab,hat abgeschrieben,schrieb ab,schriebe ab,copiar,-,Akk,0/0,0/0,1/2
beschreiben,beschreibt,hat beschrieben,beschrieb,beschriebe,describir,-,Akk,0/0,0/0,0/0
umschreiben,schreibt um,hat umgeschrieben,schrieb um,schriebe um,reescribir,-,Akk,0/0,0/0,0/0
können,kann,hat gekonnt,konnte,könnte,poder,-,Akk,0/0,0/0,0/0
wollen,will,hat gewollt,wollte,wollte,querer,-,Akk,0/0,0/0,1/1
leeren,leert,hat geleert,leerte,leerte,vaciar,-,Akk,0/0,1/1,0/0
ziehen,zieht,hat gezogen,zog,zöge,mover/mudarse,general,Akk,0/0,0/0,1/2
umziehen,zieht um,ist umgezogen,zog um,zöge um,mudarse,desocupar un lugar,Akk,0/0,1/2,1/2
einziehen,zieht ein,ist eingezogen,zog ein,zöge ein,mudarse,ocupar un lugar,Akk,0/0,0/0,2/4
ausziehen,zieht aus,ist ausgezogen,zog aus,zöge aus,mudarse/desvestirse,desocupar un lugar,Akk,0/0,0/0,0/0
anziehen,zieht an,hat angezogen,zog an,zöge an,vestir,-,Akk,0/0,0/0,1/2
anfangen,fängt an,hat angefangen,fing an,finge an,empezar,no necesita mit,Akk,0/0,0/0,0/0
beginnen,beginnt,hat begonnen,begann,begönne,empezar,si necesita mit,Akk,0/0,0/0,0/0
steigen,steigt,ist gestiegen,stieg,stiege,subir,general,Akk,0/0,0/0,2/3
einsteigen,steigt ein,ist eingestiegen,stieg ein,stiege ein,subir a un vehículo,-,Akk,0/0,0/0,0/0
aussteigen,steigt aus,ist ausgestiegen,stieg aus,stiege aus,bajar de un vehículo,-,Akk,0/0,0/0,2/4
feiern,feiert,hat gefeiert,feierte,feierte,celebrar,-,Akk,0/0,0/0,1/1
stellen,stellt,hat gestellt,stelle,stelle,poner,-,Akk,0/0,1/2,0/0
legen,legt,hat gelegt,legte,legte,poner,horizontal,Akk,0/0,0/0,0/0
gutstellen,stellt gut,hat gutgestellt,stelle gut,stelle gut,poner en buen estado,-,Akk,0/0,0/0,0/0
aufstellen,stellt auf,hat aufgestellt,stelle auf,stelle auf,poner en pie,-,Akk,0/0,1/2,1/2
herstellen,herstellt,hat hergestellt,stellte her,stellte her,producir,-,Akk,0/0,1/3,0/0
produzieren,produziert,hat produziert,produzierte,produzierte,producir,-,Akk,0/0,0/0,1/2
anstellen,anstellt,hat angestellt,stelle an,stelle an,contratar,-,Akk,0/0,0/0,1/2
verstehen,versteht,hat verstanden,verstand,verstünde,entender,-,Akk,0/0,0/0,0/0
aufstehen,steht auf,ist aufgestanden,stand auf,stünde auf,levantarse,-,Akk,0/0,0/0,0/0
setzen,setzt,hat gesetzt,setzte,setzte,sentar,-,Akk,0/0,0/0,0/0
ersetzen,ersetzt,hat ersetzt,ersetzte,ersetzte,reemplazar,-,Akk,0/0,0/0,1/2
übersetzen,übersetzt,hat übersetzt,übersetzte,übersetzte,traducir,-,Akk,0/0,0/0,0/0
üben,übt,hat geübt,übte,übte,practicar,-,Akk,0/0,0/0,1/2
malen,malt,hat gemalt,malte,malte,pintar,-,Akk,0/0,2/3,1/1
lachen,lacht,hat gelacht,lachte,lachte,reír,-,Akk,0/0,0/0,1/1
auslachen,lacht aus,hat ausgelacht,lachte aus,lachte aus,reírse de,-,Akk,0/0,0/0,2/4
weinen,weint,hat geweint,weinte,weinte,llorar,-,Akk,0/0,0/0,0/0
suchen,sucht,hat gesucht,suchte,suchte,buscar,-,Akk,0/0,1/1,0/0
besuchen,besucht,hat besucht,besuchte,besuchte,visitar,-,Akk,0/0,1/1,0/0
aussuchen,sucht aus,hat ausgesucht,suchte aus,suchte aus,escoger,-,Akk,0/0,1/2,0/0
folgen,folgt,ist gefolgt,folgte,folgte,seguir,a alguien o algo,Dat,0/0,1/1,0/0
weitersuchen,sucht weiter,hat weitergesucht,suchte weiter,suchte weiter,seguir buscando,-,Akk,0/0,0/0,0/0
weiterfahren,fährt weiter,ist weitergefahren,fuhr weiter,führe weiter,seguir conduciendo,-,-,0/0,1/2,0/0
schicken,schickt,hat geschickt,schickte,schickte,enviar,-,Akk,0/0,0/0,1/2
fischen,fischt,hat gefischt,fischte,fischte,pescar,-,Akk,0/0,0/0,0/0
baden,badet,hat gebadet,badete,badete,bañarse,-,Akk,0/0,0/0,1/2
rechnen,rechnet,hat gerechnet,rechnete,rechnete,calcular,-,Akk,0/0,0/0,0/0
atmen,atmet,hat geatmet,atmete,atmete,respirar,-,Akk,0/0,0/0,0/0
regnen,regnet,hat geregnet,regnete,regnete,llover,-,Akk,0/0,0/0,1/1
zeichnen,zeichnet,hat gezeichnet,zeichnete,zeichnete,dibujar,-,Akk,0/0,0/0,0/0
reparieren,repariert,hat repariert,reparierte,reparierte,reparar,-,Akk,0/0,0/0,1/1
korrigieren,korrigiert,hat korrigiert,korrigierte,korrigierte,corregir,-,Akk,0/0,1/1,0/0
fotografieren,fotografiert,hat fotografiert,fotografierte,fotografierte,fotografiar,-,Akk,0/0,1/1,1/1
klären,klärt,hat geklärt,klärte,klärte,aclarar,-,Akk,1/1,0/0,1/2
erklären,erklärt,hat erklärt,erklärte,erklärte,explicar,-,Akk,0/0,0/0,0/0
ärgern,ärgert,hat geärgert,ärgerte,ärgerte,molestar,emocionalmente,Akk,0/0,0/0,1/2
stören,stört,hat gestört,störte,störte,molestar,interrumpir o incomodar,Akk,0/0,0/0,1/3
zerstören,zerstört,hat zerstört,zerstörte,zerstörte,destruir,-,Akk,0/0,0/0,0/0
packen,packt,hat gepackt,packte,packte,empaquetar/empacar,-,Akk,1/1,0/0,0/0
einpacken,packt ein,hat eingepackt,packte ein,packte ein,envolver,-,Akk,0/0,0/0,0/0
auspacken,packt aus,hat ausgepackt,packte aus,packte aus,desempaquetar,-,Akk,0/0,1/2,1/1
holen,holt,hat geholt,holte,holte,traer,traer aquí,Akk,0/0,3/6,0/0
bringen,bringt,hat gebracht,brachte,brächte,traer,a un destino específico,AkkDat,1/2,0/0,0/0
mitbringen,bringt mit,hat mitgebracht,brachte mit,brächte mit,traer consigo,-,AkkDat,0/0,0/0,0/0
wiederholen,wiederholt,hat wiederholt,wiederholte,wiederholte,repetir,-,Akk,0/0,1/2,0/0
kreuzen,kreuzt,hat gekreuzt,kreuzte,kreuzte,cruzar,-,Akk,0/0,0/0,1/1
ankreuzen,kreuzt an,hat angekreuzt,kreuzte an,kreuzte an,marcar con una cruz,-,Akk,0/0,0/0,0/0
versuchen,versucht,hat versucht,versuchte,versuchte,intentar,-,Akk,0/0,0/0,1/2
klettern,klettert,ist geklettert,kletterte,kletterte,escalar,-,Akk,0/0,0/0,0/0
wachen,wacht,ist gewacht,wachte,wachte,velar,-,Akk,0/0,0/0,0/0
aufwachen,wacht auf,ist aufgewacht,wachte auf,wachte auf,despertarse,-,Akk,0/0,0/0,0/0
wecken,weckt,hat geweckt,weckte,weckte,despertar,a alguien,Akk,0/0,0/0,1/2
waschen,wäscht,hat gewaschen,wusch,wüsche,lavar,-,Akk,0/0,0/0,1/1
spülen,spült,hat gespült,spülte,spülte,enjuagar,-,Akk,0/0,1/2,0/0
rollen,rollt,hat gerollt,rollte,rollte,rodar,-,Akk,1/1,0/0,1/2
trainieren,trainiert,hat trainiert,trainierte,trainierte,entrenar,-,Akk,0/0,0/0,0/0
bessern,bessert,hat gebessert,besserte,besserte,mejorar,mejorar algo,Akk,1/1,0/0,0/0
verbessern,verbessert,hat verbessert,verbesserte,verbesserte,mejorar,hacer algo de mejor manera,Akk,0/0,1/2,0/0
zeigen,zeigt,hat gezeigt,zeigte,zeigte,mostrar,-,AkkDat,0/0,1/2,0/0
brauchen,braucht,hat gebraucht,brauchte,brauchte,necesitar,-,Akk,0/0,0/0,0/0
backen,bäckt,hat gebacken,buk,böke,hornear,-,Akk,0/0,1/2,0/0
beobachten,beobachtet,hat beobachtet,beobachtete,beobachtete,observar,-,Akk,0/0,1/1,0/0
zahlen,zahlt,hat gezahlt,zahlte,zahlte,pagar,-,Akk,0/0,0/0,1/2
bezahlen,bezahlt,hat bezahlt,bezahlte,bezahlte,pagar,suele usarse si se quiere indicar qué se paga,Akk,0/0,0/0,0/0
entrichten,entrichtet,hat entrichtet,entrichtete,entrichtete,pagar/abonar,-,-,0/0,0/0,0/0
fragen,fragt,hat gefragt,fragte,fragte,preguntar,-,Akk,0/0,0/0,1/1
gewinnen,gewinnt,hat gewonnen,gewann,gewänne,ganar,-,Akk,0/0,1/2,0/0
verdienen,verdient,hat verdient,verdiente,verdiente,ganar dinero,-,Akk,0/0,1/2,1/1
gießen,gießt,hat gegossen,goss,gösse,regar,-,Akk,0/0,0/0,0/0
lieben,liebt,hat geliebt,liebte,liebte,amar,-,Akk,1/1,0/0,1/1
treffen,trifft,hat getroffen,traf,träfe,encontrarse con alguien,-,Akk,0/0,1/2,0/0
zuflüstern,flüstert zu,hat zugeflüstert,flüsterte zu,flüsterte zu,susurrar,-,Dat,0/0,1/2,0/0
flüstern,flüstert,hat geflüstert,flüsterte,flüsterte,susurrar,-,-,0/0,0/0,0/0
tuscheln,tuschelt,hat getuschelt,tuschelte,tuschelte,susurrar,charlar en secreto,-,0/0,1/2,1/2
schwatzen,schwatzt,hat geschwatzt,schwatzte,schwatzte,charlar,-,-,0/0,0/0,0/0
plaudern,plaudert,hat geplaudert,plauderte,plauderte,charlar amigablemente,-,-,0/0,0/0,1/2
quasseln,quasselt,hat gequasselt,quasselte,quasselte,charlar sin sentido,-,-,0/0,0/0,0/0
quatschen,quatscht,hat gequatscht,quatschte,quatschte,charlar informalmente,-,-,1/1,0/0,0/0
vergessen,vergisst,hat vergessen,vergaß,vergäße,olvidar,-,Akk,0/0,0/0,0/0
erinnern,erinnert,hat erinnert,erinnerte,erinnerte,recordar,-,Akk,0/0,0/0,1/2
verlieren,verliert,hat verloren,verlor,verlöre,perder,-,Akk,0/0,0/0,1/1
passen,passt,hat gepasst,passte,passte,quedar bien,-,Akk,0/0,0/0,0/0
verabreden,verabredet,hat verabredet,verabredete,verabredete,quedar con/citar,-,Akk,0/0,0/0,1/2
verpassen,verpasst,hat verpasst,verpasste,verpasste,perderse,-,Akk,0/0,0/0,0/0
ausgeben,gibt aus,hat ausgegeben,gab aus,gäbe aus,gastar,-,AkkDat,0/0,0/0,1/2
weitergeben,gibt weiter,hat weitergegeben,gab weiter,gäbe weiter,transmitir,-,AkkDat,0/0,0/0,1/2
helfen,hilft,hat geholfen,half,hülfe,ayudar,-,Dat,0/0,0/0,1/1
springen,springt,ist gesprungen,sprang,spränge,saltar,-,-,0/0,0/0,0/0
durcheinanderbringen,bringt durcheinander,hat durcheinandergebracht,brachte durcheinander,brächte durcheinander,confundir/desordenar,-,AkkDat,0/0,0/0,0/0
fliegen,fliegt,ist geflogen,flog,flöge,volar,-,-,0/0,2/2,0/0
laufen,läuft,ist gelaufen,lief,liefe,caminar,-,-,0/0,0/0,0/0
unterrichten,unterrichtet,hat unterrichtet,unterrichtete,unterrichtete,enseñar,-,Akk,0/0,0/0,1/1
weglaufen,läuft weg,ist weggelaufen,lief weg,liefe weg,echar a correr,-,-,0/0,0/0,0/0
rennen,rennt,ist gerannt,rannte,ränne,correr,general,-,0/0,0/0,0/0
joggen,joggt,ist gejoggt,joggte,joggte,correr,hacer footing,-,0/0,0/0,1/1
bieten,bietet,hat geboten,bot,böte,ofrecer,-,AkkDat,1/4,0/0,1/2
anbieten,bietet an,hat angeboten,bot an,böte an,ofrecer,-,Akk,0/0,0/0,1/2
verbieten,verbietet,hat verboten,verbot,verböte,prohibir,-,Akk,0/0,0/0,1/2
laden,lädt,hat geladen,lud,lüde,cargar,-,AkkDat,0/0,1/2,0/0
wachsen,wächst,ist gewachsen,wuchs,wüchse,crecer,-,-,0/0,0/0,0/0
binden,bindet,hat gebunden,bund,bünde,atar,-,AkkDat,0/0,1/2,1/2
singen,singt,hat gesungen,sang,sänge,cantar,-,-,0/0,0/0,1/1
leiden,leidet,hat gelitten,litt,litte,sufrir,-,Akk,0/0,0/0,0/0
schneiden,schneidet,hat geschnitten,schnitt,schnitte,cortar,-,Akk,0/0,0/0,0/0
reiten,reitet,ist geritten,ritt,röte,montar a caballo,-,-,0/0,0/0,0/0
schwimmen,schwimmt,ist geschwommen,schwamm,schwöm,nadar,-,-,1/4,0/0,1/1
fallen,fällt,ist gefallen,fiel,fiele,caer,-,-,0/0,0/0,1/1
hinfallen,fällt hin,ist hingefallen,fiel hin,fiele hin,caerse,-,-,0/0,1/2,0/0
danken,dankt,hat gedankt,dankte,dankte,agradecer,-,Dat,0/0,1/1,0/0
frühstücken,frühstückt,hat gefrühstückt,frühstückte,frühstückte,desayunar,-,Akk,0/0,0/0,1/1
schimpfen,schimpft,hat geschimpft,schimpfte,schimpfte,regañar,-,Akk,0/0,1/2,1/2
notieren,notiert,hat notiert,notierte,notierte,anotar,-,Akk,0/0,0/0,0/0
ausführen,führt aus,hat ausgeführt,führte aus,führte aus,realizar/pasear,-,Akk,0/0,0/0,0/0
gebären,gebärt,hat geboren,gebar,gebäre,parir,-,Akk,0/0,1/2,0/0
heiraten,heiratet,hat geheiratet,heiratete,heiratete,casarse,-,Akk,0/0,0/0,0/0
entscheiden,entscheidet,hat entschieden,entschied,entschieden,decidir,general,Akk,0/0,0/0,2/2
beschließen,beschließt,hat beschlossen,beschloss,beschlösse,decidir,tomar una decisión final,Akk,0/0,0/0,1/2
sterben,stirbt,ist gestorben,starb,stürbe,morir,-,-,0/0,0/0,1/2
kochen,kocht,hat gekocht,kochte,kochte,cocinar,-,Akk,0/0,0/0,0/0
zerbrechen,zerbricht,hat zerbrochen,zerbrach,zerbräche,romper,romper en pedazos,Akk,0/0,1/2,1/1
abbrechen,bricht ab,hat abgebrochen,brach ab,bräche ab,interrumpir,interrumpir o suspender algo,Akk,0/0,0/0,1/2
schneien,schneit,hat geschneit,schneite,schneite,nevar,-,Akk,0/0,0/0,0/0
bauen,baut,hat gebaut,baute,baute,construir,-,Akk,0/0,0/0,0/0
bedeuten,bedeutet,hat bedeutet,bedeutete,bedeutete,significar,-,Akk,0/0,0/0,0/0
diskutieren,diskutiert,hat diskutiert,diskutierte,diskutierte,discutir,-,Akk,0/0,0/0,0/0
duschen,duscht,hat geduscht,duschte,duschte,duchar,-,Akk,0/0,0/0,1/1
ergänzen,ergänzt,hat ergänzt,ergänzte,ergänzte,completar,-,Akk,0/0,0/0,0/0
funktionieren,funktioniert,hat funktioniert,funktionierte,funktionierte,funcionar,-,Akk,1/1,0/0,1/1
glauben,glaubt,hat geglaubt,glaubte,glaubte,creer,-,Akk,0/0,0/0,1/1
gucken,guckt,hat geguckt,guckte,guckte,mirar,fijarse,Akk,0/0,1/2,0/0
schauen,schaut,hat geschaut,schaute,schaute,mirar,general,Akk,0/0,0/0,0/0
informieren,informiert,hat informiert,informierte,informierte,informar,-,Akk,0/0,0/0,0/0
berichten,berichtet,hat berichtet,berichtete,berichtete,informar,-,Akk,1/2,0/0,1/1
melden,meldet,hat gemeldet,meldete,meldete,informar,-,Akk,0/0,0/0,0/0
erkündigen,erkündigt,hat erkündigt,erkündigte,erkündigte,proclamar/anunciar,-,-,0/0,0/0,1/2
ankündigen,kündigt an,hat angekündigt,kündigte an,kündigte an,anunciar,-,-,0/0,0/0,0/0
mitteilen,teilt mit,hat mitgeteilt,teilte mit,teilte mit,comunicar/informar,-,Dat,0/0,1/2,1/2
verständigen,verständigt,hat verständigt,verständigte,verständigte,informar/notificar,-,-,1/1,1/2,0/0
kontrollieren,kontrolliert,hat kontrolliert,kontrollierte,kontrollierte,controlar,-,Akk,0/0,1/1,0/0
kosten,kostet,hat gekostet,kostete,kostete,costar,-,Akk,0/0,0/0,0/0
messen,misst,hat gemessen,messete,messete,medir,-,Akk,1/2,0/0,0/0
rauchen,raucht,hat geraucht,rauchte,rauchte,fumar,-,Akk,0/0,1/1,1/1
bestimmten,bestimmt,hat bestimmt,bestimmte,bestimmte,determinar,-,Akk,0/0,0/0,0/0
erlauben,erlaubt,hat erlaubt,erlaubte,erlaubte,permitir,-,Akk,0/0,0/0,1/2
dienen,dient,hat gedient,diente,diente,servir/atender,servir a alguien,Dat,0/0,0/0,0/0
nützen,nützt,hat genützt,nützte,nützte,servir/aprovechar,ser útil,Dat,0/0,1/2,0/0
vergleichen,vergleicht,hat verglichen,verglich,vergleiche,comparar,-,Akk,0/0,1/2,1/2
vorbereiten,bereitet vor,hat vorbereitet,bereitete vor,bereitete vor,preparar,-,Akk,0/0,0/0,2/5
kündigen,kündigt,hat gekündigt,kündigte,kündigte,despedir/anular/renunciar,-,Akk,1/2,1/2,0/0
verabschieden,verabschiedet,hat verabschiedet,verabschiedete,verabschiedete,despedirse,-,Akk,0/0,1/2,0/0
operieren,operiert,hat operiert,operierte,operierte,operar,-,Akk,0/0,1/1,0/0
mieten,mietet,hat gemietet,mietete,mietete,rentar/alquilar,-,Akk,0/0,0/0,1/2
grüßen,grüßt,hat gegrüßt,grüßte,grüßte,saludar,general,Akk,0/0,0/0,0/0
begrüßen,begrüßt,hat begrüßt,begrüßte,begrüßte,saludar,como dar la bienvenida,Akk,0/0,1/2,0/0
winken,winkt,hat gewinkt,winkte,winkte,saludar,con la mano desde lejos,Akk,0/0,1/1,2/2
einhalten,hält ein,hat eingehalten,hielt ein,hält ein,cumplir,-,Akk,0/0,0/0,2/4
achten,achtet,hat geachtet,achtete,achtete,respetar/considerar,-,Akk,0/0,0/0,1/2
besorgen,besorgt,hat besorgt,besorgte,besorgte,conseguir,-,Akk,1/2,0/0,2/4
empfehlen,empfiehlt,hat empfohlen,empfahl,empföhle,recomendar,-,AkkDat,0/0,0/0,1/2
buchsstabieren,buchstabiert,hat buchstabiert,buchstabierte,buchstabierte,deletrear,-,Akk,0/0,0/0,0/0
empfunden,empfindet,hat empfunden,empfand,empfände,sentir,sentimientos,Akk,0/0,0/0,1/2
fühlen,fühlt,hat gefühlt,fühlte,fühlte,sentir,sensaciones físicas o emocionales,Akk,0/0,1/1,0/0
zunicken,zunickt,hat zugenickt,zunickte,zunickte,asentir,-,Akk,0/0,1/2,1/2
benuzten,benuzt,hat benuzt,benuzte,benuzte,usar,general,Akk,0/0,0/0,0/0
verwenden,verwendet,hat verwendet,verwendete,verwendete,usar,más formal o técnico,Akk,0/0,0/0,1/2
duzen,duzt,hat geduzt,duzte,duzte,tutear,-,Akk,0/0,0/0,0/0
siezen,siezt,hat gesiezt,siezte,siezte,tratar de usted,-,Akk,0/0,0/0,1/2
vertrauen,vertraut,hat vertraut,vertraute,vertraute,confiar,-,Dat,0/0,0/0,0/0
umarmen,umarmt,hat umarmt,umarmte,umarmte,abrazar,-,Akk,1/2,1/2,1/2
vorstellen,stellt vor,hat vorgestellt,stelle vor,stelle vor,imaginar/presentar,-,Akk,0/0,0/0,0/0
vorlegen,legt vor,hat vorgelegt,legte vor,legte vor,entregar,entregar algo formalmente,-,0/0,0/0,0/0
schütteln,schüttelt,hat geschüttelt,schüttelte,schüttelte,agitar,-,Akk,0/0,0/0,2/4
vorschlagen,schlägt vor,hat vorgeschlagen,schlug vor,schlüge vor,sugerir,-,Akk,0/0,0/0,1/2
überzeugen,überzeugt,hat überzeugt,überzeugte,überzeugte,convencer,-,Akk,1/3,1/2,1/2
erreichen,erreicht,hat erreicht,erreichte,erreichte,lograr/alcanzar,general,Akk,0/0,0/0,0/0
schaffen,schafft,hat geschafft,schaffte,schaffte,lograr,lograr algo con esfuerzo,Akk,0/0,0/0,1/2
kritisieren,kritisiert,hat kritisiert,kritisierte,kritisierte,críticar,-,Akk,0/0,0/0,2/3
lügen,lügt,hat gelogen,lügte,lügte,mentir,-,Akk,0/0,0/0,1/2
verlangen,verlangt,hat verlangt,verlangte,verlangte,exigir,-,Akk,0/0,1/2,0/0
fordern,fordert,hat gefordert,forderte,forderte,exigir,-,Akk,0/0,0/0,0/0
bewerben,bewirbt,hat beworben,bewarb,bewürbe,solicitar/postularse,-,Akk,0/0,0/0,1/2
beantragen,beantragt,hat beantragt,beantragte,beantragte,solicitar,solicitar algo formalmente,Akk,0/0,0/0,0/0
dauern,dauert,hat gedauert,dauerte,dauerte,durar,-,Akk,0/0,0/0,0/0
kämpfen,kämpft,hat gekämpft,kämpfte,kämpfte,pelear,-,Akk,0/0,0/0,1/2
lösen,löst,hat gelöst,löste,löste,resolver,-,Akk,0/0,1/2,2/4
sollen,soll,hat gesollt,sollte,sollte,deber,-,Akk,0/0,0/0,0/0
aufregen,regt auf,hat aufgeregt,regte auf,regte auf,alterar/excitar,-,Akk,0/0,0/0,0/0
ausruhen,ruht aus,hat ausgeruht,ruhte aus,ruhte aus,descansar,-,-,0/0,0/0,0/0
sich beschweren,beschwert sich,hat sich beschwert,beschwerte sich,beschwerte sich,quejarse,-,Dat,0/0,0/0,1/2
klagen,klagt,hat geklagt,klagte,klagte,quejarse,-,-,0/0,0/0,0/0
meckern,meckert,hat gemeckert,meckerte,meckerte,quejarse,-,-,0/0,1/2,1/2
quengeln,quengelt,hat gequengelt,quengelte,quengelte,quejarse infantilmente,-,-,0/0,0/0,0/0
sich interessieren,interessiert sich,hat sich interessiert,interessierte sich,interessierte sich,interesar,-,Akk,0/0,0/0,0/0
küssen,küsst,hat geküsst,küsste,küsste,besar,-,Akk,0/0,0/0,0/0
raten,rät,hat geraten,riet,riete,aconsejar/adivinar,-,Dat,0/0,0/0,0/0
beraten,berät,hat beraten,beriet,beriete,aconsejar,dar consejo formal,Akk,0/0,1/2,0/0
abmelden,meldet ab,hat abgemeldet,meldete ab,meldete ab,darse de baja,-,Akk,0/0,1/4,0/0
anmelden,meldet an,hat angemeldet,meldete an,meldete an,registrarse,-,Akk,0/0,0/0,1/1
prüfen,prüft,hat geprüft,prüfte,prüfte,examinar,-,Akk,0/0,0/0,2/5
untersuchen,untersucht,hat untersucht,untersuchte,untersuchte,examinar,-,Akk,0/0,0/0,1/2
sorgen,sorgt,hat gesorgt,sorgte,sorgte,preocuparse por,-,Akk,0/0,0/0,1/2
tanken,tankt,hat getankt,tankte,tankte,llenar el tanque,-,Akk,0/0,0/0,1/2
verbrauchen,verbraucht,hat verbraucht,verbrauchte,verbrauchte,consumir,-,Akk,0/0,1/2,0/0
warnen,warnt,hat gewarnt,warnte,warnte,advertir,-,Akk,0/0,0/0,1/2
sich entschuldigen,entschuldigt sich,hat sich entschuldigt,entschuldigte sich,entschuldigte sich,disculparse,-,-,0/0,0/0,1/2
erziehen,erzieht,hat erzogen,erzog,erzüge,educar,-,Akk,0/0,0/0,2/4
hassen,hasst,hat gehasst,hasste,hasste,odiar,-,Akk,0/0,0/0,0/0
sich sich kümmern,kümmert sich,hat sich gekümmert,kümmerte sich,kümmerte sich,ocuparse de,-,Akk,0/1,0/0,1/2
sich langweilen,langweilt sich,hat sich gelangweilt,langweilte sich,langweilte sich,aburrirse,-,Akk,0/0,0/0,1/3
schlagen,schlägt,hat geschlagen,schlug,schlüge,golpear,-,Akk,0/0,0/0,1/2
sparen,spart,hat gespart,sparte,sparte,ahorrar,-,Akk,0/0,0/0,0/0
sich streiten,streitet sich,hat sich gestritten,stritt sich,stritte sich,pelearse,-,-,0/0,0/0,0/0
töten,tötet,hat getötet,tötete,tötete,matar,-,Akk,0/0,1/1,0/0
fließen,fließt,ist geflossen,floss,flösse,fluir,-,-,0/0,0/0,0/0
mitmachen,macht mit,hat mitgemacht,machte mit,machte mit,participar,-,-,0/0,0/0,0/0
trennen,trennt,hat getrennt,trennte,trennte,separar,-,Akk,0/0,1/2,0/0
überraschen,überrascht,hat überrascht,überraschte,überraschte,sorprender,-,Akk,0/0,0/0,1/2
verbrennen,verbrennt,hat verbrannt,verbrannte,verbrannte,quemar,-,Akk,0/0,0/0,0/0
sich einigen,einigt sich,hat sich geeinigt,einigte sich,einigte sich,ponerse de acuerdo,-,-,0/0,0/0,0/0
einwandern,wandert ein,ist eingewandert,wanderte ein,wanderte ein,inmigrar,-,-,0/0,1/2,0/0
erkennen,erkennt,hat erkannt,erkannte,erkennte,reconocer,-,Akk,0/0,0/0,1/2
sich gewöhnen,gewöhnt sich,hat sich gewöhnt,gewöhnte sich,gewöhnte sich,acostumbrarse,-,Akk,0/0,1/1,1/2
reservieren,reserviert,hat reserviert,reservierte,reservierte,reservar,-,Akk,0/0,0/0,0/0
retten,rettet,hat gerettet,rettete,rettete,salvar,-,Akk,0/0,0/0,1/2
wiegen,wiegt,hat gewogen,wog,wöge,pesar,-,Akk,1/3,1/2,0/0
begleiten,begleitet,hat begleitet,begleitete,begleitete,acompañar,-,Akk,0/0,0/0,0/0
demonstrieren,demonstriert,hat demonstriert,demonstrierte,demonstrierte,demostrar,-,Akk,0/0,1/1,0/0
vormachen,macht vor,hat vorgemacht,machte vor,machte vor,demostrar/enseñar,mostrar como se hace algo,-,0/0,0/0,1/2
erweisen,erweist,hat erwiesen,erwies,erwiese,demostrar,hechos o pruebas,Dat,0/0,0/0,0/0
täuschen,täuscht,hat getäuscht,täuschte,täuschte,engañar,-,-,0/0,0/0,0/0
sich entschließen,entschließt sich,hat sich entschlossen,entschloss sich,entschlösse sich,decidirse,-,-,0/0,0/0,0/0
unterschreiben,unterschreibt,hat unterschrieben,unterschrieb,unterschriebe,firmar,-,Akk,0/0,0/0,0/1
unterzeichnen,unterzeichnet,hat unterzeichnet,unterzeichnete,unterzeichnete,firmar,-,-,0/0,1/2,1/2
kürzen,kürzt,hat gekürzt,kürzte,kürzte,acortar/reducir,-,Akk,0/0,0/0,1/2
schweigen,schweigt,hat geschwiegen,schwieg,schwiege,callar/guardar silencio,-,-,0/0,0/0,0/0
verzweifeln,verzweifelt,ist verzweifelt,verzweifelte,verzweifelte,desesperarse,-,-,0/0,1/2,0/0
stammeln,stammelt,hat gestammelt,stammelte,stammelte,balbucear,-,-,0/0,0/0,0/1
jammern,jammert,hat gejammert,jammerte,jammerte,lloriquear,-,-,0/0,0/0,0/0
ächzen,ächzt,hat geächzt,ächzte,ächzte,gemir,-,-,0/0,0/0,0/0
raunen,raunt,hat geraunt,raunte,raunte,murmurar,-,-,0/0,1/2,1/2
nuscheln,nuschelt,hat genuschelt,nuschelte,nuschelte,murmurar entre dientes,-,-,0/0,0/0,1/2
lästern,lästert,hat gelästert,lästerte,lästerte,murmurar/calumniar,-,-,0/0,0/0,1/2
seufzen,seufzt,hat geseufzt,seufzte,seufzte,suspirar,-,-,0/0,0/0,0/0
äußern,äußert,hat geäußert,äußerte,äußerte,expresar,-,-,0/0,0/0,0/0
ausatmen,atmet aus,hat ausgeatmet,atmete aus,atmete aus,exhalar,-,-,0/0,2/4,0/0
stottern,stottert,hat gestottert,stotterte,stotterte,tartamudear,-,-,0/0,1/2,0/0
lispeln,lispelt,hat gelispelt,lispelte,lispelte,cecear,-,-,0/0,0/0,0/0
prahlen,prahlt,hat geprahlt,prahlte,prahlte,jactarse,-,-,1/1,0/0,1/2
petzen,petzt,hat gepetzt,petzte,petzte,chismear,-,-,0/0,0/0,1/2
tratschen,tratscht,hat getratscht,tratschte,tratschte,chismear,-,-,0/0,0/0,0/0
vortragen,trägt vor,hat vorgetragen,trug vor,trüge vor,recitar/exponer,-,-,0/0,1/2,0/0
motzen,motzt,hat gemotzt,motzte,motzte,refunfuñar,-,-,1/1,0/0,0/0
nörgeln,nörgelt,hat genörgelt,nörgelte,nörgelte,criticar constantemente,-,-,1/2,0/0,0/0
ermahnen,ermahnt,hat ermahnt,ermahnte,ermahnte,amonestar,-,-,0/0,0/0,0/0
verletzen,verletzt,hat verletzt,verletzte,verletzte,lastimar/herir,-,Akk,0/0,0/0,1/2
brüllen,brüllt,hat gebrüllt,brüllte,brüllte,gritar,-,-,0/0,1/2,0/0
grölen,grölt,hat gegrölt,grölte,grölte,gritar fuerte,-,-,0/0,0/0,1/2
kreischen,kreischt,hat gekreischt,kreischte,kreischte,gritar chillando,-,-,0/0,0/0,0/0
stöhnen,stöhnt,hat gestöhnt,stöhnte,stöhnte,gimotear,-,-,0/0,0/0,0/0
jubeln,jubelt,hat gejubelt,jubelte,jubelte,vitorear,-,-,0/0,0/0,0/0
unterdrücken,unterdrückt,hat unterdrückt,unterdrückte,unterdrückte,reprimir,-,Akk,1/3,0/0,1/2
verdrängen,verdrängt,hat verdrängt,verdrängte,verdrängte,suprimir/desplazar,-,Akk,0/0,0/0,1/2
missfallen,missfällt,hat missfallen,missfiel,missfiele,desagradar,-,Dat,1/4,0/0,1/2
beherrschen,beherrscht,hat beherrscht,beherrschte,beherrschte,dominar,-,Akk,0/0,0/0,0/0
bejahen,bejaht,hat bejaht,bejahte,bejahte,afirmar,-,-,0/0,1/2,0/0
verneinen,verneint,hat verneint,verneinte,verneinte,negar,-,-,0/0,0/0,0/0
aussprechen,spricht aus,hat ausgesprochen,sprach aus,späche aus,pronunciar,-,-,0/0,0/0,0/0
sticken,stickt,hat gestickt,stickte,stickte,bordar,-,-,0/0,1/3,0/0
widerrufen,widerruft,hat widerrufen,widerrief,widerriefe,retractarse,-,-,0/0,0/0,2/5
erstatten,erstattet,hat erstattet,erstattete,erstattete,reembolsar,-,-,0/0,0/0,1/2
stillen,stillt,hat gestillt,stillte,stillte,calmar/amamantar,-,-,0/0,0/0,1/2
anpassen,passt an,hat angepasst,passte an,passte an,adaptar,-,-,0/0,0/0,1/2
wippen,wippt,hat gewippt,wippte,wippte,oscilar,-,-,0/0,0/0,0/0
rutschen,rutscht,ist gerutscht,rutschte,rutschte,resbalar,-,-,0/0,1/2,0/0
schaukeln,schaukelt,hat geschaukelt,schaukelte,schaukelte,columpiarse,-,-,1/2,0/0,1/2
erkranken,erkrankt,ist erkrankt,erkrankte,erkrankte,enfermarse,-,-,0/0,0/0,0/0
unterstützen,unterstützt,hat unterstützt,unterstützte,unterstützte,apoyar,-,Akk,0/0,0/0,1/2
auskommen,kommt aus,ist ausgekommen,kam aus,käme aus,entenderse con,-,Dat,0/0,0/0,0/0
zurechtkommen,kommt zurecht,ist zurechtgekommen,kam zurecht,käme zurecht,arreglárselas,-,Dat,0/0,0/0,0/0
aushalten,hält aus,hat ausgehalten,hielt aus,hält aus,soportar,-,Akk,0/0,1/2,0/0
flirten,flirtet,hat geflirtet,flirtete,flirtete,flirtear,-,Akk,0/0,0/0,1/1
vermissen,vermisst,hat vermisst,vermisste,vermisste,extrañar,-,Akk,0/0,0/0,0/0
verlieben,verliebt,hat verliebt,verliebte,verliebte,enamorarse,-,Akk,0/0,0/0,0/0
verloben,verlobt,hat verlobt,verlobte,verlobte,comprometerse,-,Akk,0/0,0/0,0/0
zussamenleben,lebt zusammen,hat zusammengelebt,lebte zusammen,lebte zusammen,convivir/vivir juntos,-,Dat,0/0,0/0,0/1
gernhaben,hat gern,hat gerngehabt,habe gern,hab gern,gustar/agradar,-,Akk,0/0,0/0,0/0
schmusen,schmust,hat geschmust,schmuste,schmuste,acurrucarse/besarse,con caricias,Akk,0/0,0/0,0/0
verführen,verführt,hat verführt,verführte,verführte,seducir,-,Akk,0/0,1/2,0/0
sehnen,sehnt,hat gesehnt,sehnte,sehnte,anhelar/añorar,-,Akk,1/2,0/0,0/0
abstimmen (über),stimmt ab,hat abgestimmt,stimmte ab,stimmte ab,votar (sobre),-,Akk,0/0,0/0,1/3
stimmen (für),stimmt,hat gestimmt,stimmte,stimmte,votar (por),-,Akk,0/0,0/0,0/0
stimmen (gegen),stimmt,hat gestimmt,stimmte,stimmte,votar (en contra de),-,Akk,0/0,0/0,0/0
achten (auf),achtet,hat geachtet,achtete,achtete,prestar atención (a)/cuidar (de),-,Akk,0/0,0/0,0/0
ankommen (auf),kommt an,ist angekommen,kam an,käme an,depender (de),-,Akk,0/0,0/0,0/0
antworten (auf),antwortet,hat geantwortet,antwortete,antwortete,responder (a),-,Akk,0/0,0/0,0/0
sich anpassen (an),passt sich an,hat sich angepasst,passte sich an,passte sich an,adaptarse (a),-,Akk,0/0,0/0,0/0
sich ärgern (über),ärgert sich,hat sich geärgert,ärgerte sich,ärgerte sich,enojarse (por),-,Akk,0/0,0/0,0/0
aufpassen (auf),passt auf,hat aufgepasst,passte auf,passte auf,cuidar (de),-,Akk,0/0,0/0,0/0
sich aufregen (über),regt sich auf,hat sich aufgeregt,regte sich auf,regte sich auf,alterarse (por),-,Akk,0/0,0/0,0/0
ausgeben (für),gibt aus,hat ausgegeben,gab aus,gäbe aus,gastar (en),-,Akk,0/0,0/0,1/2
sich bedanken (für),bedankt sich,hat sich bedankt,bedankte sich,bedankte sich,agradecer (por),-,Akk,0/0,0/0,0/0
sich beklagen (über),beklagt sich,hat sich beklagt,beklagte sich,beklagte sich,quejarse (de),-,Akk,0/0,0/0,1/2
sich bemühen (um),bemüht sich,hat sich bemüht,bemühte sich,bemühte sich,esforzarse (por),-,Akk,0/0,0/0,0/0
beraten (über),berät,hat beraten,beriet,beriete,asesorar (sobre),-,Akk,0/0,0/0,0/0
berichten (über),berichtet,hat berichtet,berichtete,berichtete,informar (sobre),-,Akk,0/0,0/0,0/0
beschliessen (über),beschließt,hat beschlossen,beschloss,beschlösse,decidir (sobre),-,Akk,0/0,0/0,0/0
sich beschweren (über),beschwert sich,hat sich beschwert,beschwerte sich,beschwerte sich,quejarse (de),-,Akk,0/0,0/0,0/0
sich bewerben (um),bewirbt sich,hat sich beworben,bewarb sich,bewürbe sich,postularse (para),-,Akk,0/0,0/0,0/0
sich beziehen (auf),bezieht sich,hat sich bezogen,bezog sich,bezöge sich,referirse (a),-,Akk,1/3,0/0,1/2
bitten (um),bittet,hat gebeten,bat,bäte,pedir (algo),-,Akk,0/0,0/0,0/0
bürgen (für),bürgt,hat gebürgt,bürgte,bürgte,garantizar (por),-,Akk,0/0,0/0,0/0
danken (für),dankt,hat gedankt,dankte,dankte,agradecer (por),-,Akk,0/0,0/0,0/0
denken (an),denkt,hat gedacht,dachte,dächte,pensar (en),-,Akk,0/0,0/0,0/0
diskutieren (über),diskutiert,hat diskutiert,diskutierte,diskutierte,discutir (sobre),-,Akk,0/0,0/0,0/0
sich drehen (um),dreht sich,hat sich gedreht,drehte sich,drehte sich,girar (en torno a),-,Akk,0/0,0/0,0/0
sich eignen (für),eignet sich,hat sich geeignet,eignete sich,eignete sich,ser adecuado (para),-,Akk,0/0,0/0,0/0
sich entscheiden (für),entscheidet sich,hat sich entschieden,entschied sich,entschiede sich,decidirse (por),-,Akk,0/0,0/0,0/0
sich entschuldigen (für),entschuldigt sich,hat sich entschuldigt,entschuldigte sich,entschuldigte sich,disculparse (por),-,Akk,0/0,0/0,0/0
erinnern (an),erinnert,hat erinnert,erinnerte,erinnerte,recordar (a),-,Akk,0/0,0/0,0/0
sich erinnern (an),erinnert sich,hat sich erinnert,erinnerte sich,erinnerte sich,acordarse (de),-,Akk,0/0,0/0,0/0
ersetzen (durch),ersetzt,hat ersetzt,ersetzte,ersetzte,sustituir (por),-,Akk,0/0,1/2,0/0
folgen (auf),folgt,ist gefolgt,folgte,folgte,seguir (a),-,Akk,0/0,0/0,0/0
sich freuen (auf),freut sich,hat sich gefreut,freute sich,freute sich,alegrarse (por),futuro,Akk,0/0,0/0,0/0
sich freuen (über),freut sich,hat sich gefreut,freute sich,freute sich,alegrarse (por),presente/pasado,Akk,0/1,0/0,0/0
garantieren (für),garantiert,hat garantiert,garantierte,garantierte,garantizar (por),-,Akk,0/0,0/0,0/0
es gehen (um),es geht,es ist gegangen,es ging,es gänge,tratarse (de),-,Akk,0/0,0/0,0/0
geraten (in),gerät,ist geraten,geriet,geriete,llegar (a),situación,Akk,0/0,0/0,0/0
geraten (unter),gerät,ist geraten,geriet,geriete,caer (bajo),influencia/presión,Akk,0/0,0/0,0/0
sich gewöhnen (an),gewöhnt sich,hat sich gewöhnt,gewöhnte sich,gewöhnte sich,acostumbrarse (a),-,Akk,0/0,0/0,0/0
glauben (an),glaubt,hat geglaubt,glaubte,glaubte,creer (en),-,Akk,0/0,0/0,0/0
halten (für),hält,hat gehalten,hielt,hielte,considerar (como),-,Akk,0/0,0/0,0/0
sich halten (an),hält sich,hat sich gehalten,hielt sich,hielte sich,atenerse (a),-,Akk,0/0,0/0,0/0
sich handeln (um),handelt sich,hat sich gehandelt,handelte sich,handelte sich,tratarse (de),-,Akk,0/0,1/2,0/0
herrschen (über),herrscht,hat geherrscht,herrschte,herrschte,dominar (sobre),-,Akk,0/0,0/0,0/0
hören (auf),hört,hat gehört,hörte,hörte,obedecer (a),-,Akk,0/0,0/0,0/0
hoffen (auf),hofft,hat gehofft,hoffte,hoffte,esperar (por),-,Akk,0/0,0/0,0/0
informieren (über),informiert,hat informiert,informierte,informierte,informar (sobre),-,Akk,0/0,0/0,0/0
sich informieren (über),informiert sich,hat sich informiert,informierte sich,informierte sich,informarse (sobre),-,Akk,0/0,0/0,0/0
sich interessieren (für),interessiert sich,hat sich interessiert,interessierte sich,interessierte sich,interesarse (por),-,Akk,0/0,0/0,0/0
kämpfen (für),kämpft,hat gekämpft,kämpfte,kämpfte,luchar (por),-,Akk,0/0,0/0,0/0
kämpfen (gegen),kämpft,hat gekämpft,kämpfte,kämpfte,luchar (contra),-,Akk,0/0,0/0,0/0
kämpfen (um),kämpft,hat gekämpft,kämpfte,kämpfte,luchar (por),-,Akk,0/0,0/0,0/0
klagen (über),klagt,hat geklagt,klagte,klagte,quejarse (de),-,Akk,0/0,0/0,0/0
kommen (auf),kommt,ist gekommen,kam,käme,llegar (a),idea/resultado,Akk,0/0,0/0,0/0
sich konzentrieren (auf),konzentriert sich,hat sich konzentriert,konzentrierte sich,konzentrierte sich,concentrarse (en),-,Akk,0/0,0/0,0/0
sich kümmern (um),kümmert sich,hat sich gekümmert,kümmerte sich,kümmerte sich,ocuparse (de),-,Akk,0/0,0/0,0/0
lächeln (über),lächelt,hat gelächelt,lächelte,lächelte,sonreír (por),-,Akk,0/0,0/0,0/0
lachen (über),lacht,hat gelacht,lachte,lachte,reírse (de),-,Akk,0/0,0/0,0/0
nachdenken (über),denkt nach,hat nachgedacht,dachte nach,dächte nach,reflexionar (sobre),-,Akk,0/0,0/0,0/0
protestieren (gegen),protestiert,hat protestiert,protestierte,protestierte,protestar (contra),-,Akk,0/0,0/0,0/0
sich rächen (für),rächt sich,hat sich gerächt,rächte sich,rächte sich,vengarse (por),-,Akk,0/0,0/0,0/0
reagieren (auf),reagiert,hat reagiert,reagierte,reagierte,reaccionar (a),-,Akk,0/0,0/0,0/0
rechnen (auf),rechnet,hat gerechnet,rechnete,rechnete,contar (con),-,Akk,0/0,0/0,0/0
reden (über),redet,hat geredet,redete,redete,hablar (sobre),-,Akk,1/1,0/0,0/0
riechen (nach),riecht,hat gerochen,roch,röche,oler (a),-,Akk,0/0,0/0,0/0
schimpfen (über),schimpft,hat geschimpft,schimpfte,schimpfte,quejarse (de),-,Akk,0/0,0/0,0/0
schreiben (an),schreibt,hat geschrieben,schrieb,schriebe,escribir (a),destinatario,Akk,0/0,0/0,0/1
schreiben (über),schreibt,hat geschrieben,schrieb,schriebe,escribir (sobre),-,Akk,0/0,0/0,2/2
sein (für),ist,ist gewesen,war,wäre,estar (a favor de),-,Akk,0/0,0/0,0/0
sein (gegen),ist,ist gewesen,war,wäre,estar (en contra de),-,Akk,0/0,0/0,0/0
sorgen (für),sorgt,hat gesorgt,sorgte,sorgte,cuidar (de),-,Akk,0/0,0/0,1/2
sich sorgen (um),sorgt sich,hat sich gesorgt,sorgte sich,sorgte sich,preocuparse (por),-,Akk,0/0,0/0,0/0
sprechen (über),spricht,hat gesprochen,sprach,spräche,hablar (sobre),-,Akk,0/0,0/0,1/2
staunen (über),staunt,hat gestaunt,staunte,staunte,asombrarse (de),-,Akk,0/0,0/0,1/4
stehen (auf),steht,hat gestanden,stand,stünde,gustar mucho (de),-,Akk,0/0,0/0,0/0
sterben (für),stirbt,ist gestorben,starb,stürbe,morir (por),-,Akk,0/0,0/0,0/0
streiten (über),streitet,hat gestritten,stritt,stritte,discutir (sobre),-,Akk,0/0,0/0,0/0
sich streiten (um),streitet sich,hat sich gestritten,stritt sich,stritte sich,pelearse (por),-,Akk,0/0,0/0,0/0
tun (für),tut,hat getan,tat,täte,hacer (por),-,Akk,0/0,0/0,1/2
sich unterhalten (über),unterhält sich,hat sich unterhalten,unterhielt sich,unterhielte sich,conversar (sobre),-,Akk,0/0,1/2,0/0
unterrichten (über),unterrichtet,hat unterrichtet,unterrichtete,unterrichtete,enseñar (sobre),-,Akk,0/0,0/0,0/0
sich verlassen (auf),verlässt sich,hat sich verlassen,verließ sich,verließe sich,confiar (en),-,Akk,0/0,0/0,0/0
sich verlieben (in),verliebt sich,hat sich verliebt,verliebte sich,verliebte sich,enamorarse (de),-,Akk,0/0,0/0,0/0
vermieten (an),vermietet,hat vermietet,vermietete,vermietete,alquilar (a),-,Akk,0/0,0/0,1/2
sich vertiefen (in),vertieft sich,hat sich vertieft,vertiefte sich,vertiefte sich,profundizar (en),-,Akk,0/0,0/0,0/0
vertrauen (auf),vertraut,hat vertraut,vertraute,vertraute,confiar (en),-,Akk,0/0,0/0,1/2
verzichten (auf),verzichtet,hat verzichtet,verzichtete,verzichtete,renunciar (a),-,Akk,0/0,0/0,0/0
sich vorbereiten (auf),bereitet sich vor,hat sich vorbereitet,bereitete sich vor,bereitete sich vor,prepararse (para),-,Akk,0/0,0/0,0/0
wählen (in),wählt,hat gewählt,wählte,wählte,elegir (en),-,Akk,0/0,0/0,0/0
warten (auf),wartet,hat gewartet,wartete,wartete,esperar (a),-,Akk,0/0,0/0,0/1
sich wenden (an),wendet sich,hat sich gewendet,wandte sich,wendete sich,dirigirse (a),-,Akk,0/0,0/0,0/0
sich wundern (über),wundert sich,hat sich gewundert,wunderte sich,wunderte sich,sorprenderse (de),-,Akk,0/0,0/0,0/0
abhängen (von),hängt ab,hat abgehangen,hing ab,hinge ab,depender (de),-,Dat,0/0,0/0,0/0
ändern (an),ändert,hat geändert,änderte,änderte,cambiar (en),-,Dat,0/0,0/0,0/0
anfangen (mit),fängt an,hat angefangen,fing an,finge an,empezar (con),-,Dat,0/0,0/0,0/0
abheben (von),hebt ab,hat abgehoben,hob ab,höbe ab,retirar (de),-,Dat,0/0,0/0,0/0
auffordern (zu),fordert auf,hat aufgefordert,forderte auf,forderte auf,invitar (a),-,Dat,0/0,0/0,0/0
aufhören (mit),hört auf,hat aufgehört,hörte auf,hörte auf,dejar (de),-,Dat,0/0,0/0,0/0
sich auseinandersetzen (mit),setzt sich auseinander,hat sich auseinandergesetzt,setzte sich auseinander,setzte sich auseinander,ocuparse (de)/enfrentarse (a),-,Dat,0/0,0/0,0/0
sich bedanken (bei),bedankt sich,hat sich bedankt,bedankte sich,bedankte sich,agradecer (a),-,Dat,0/0,0/0,0/0
sich befreien (von),befreit sich,hat sich befreit,befreite sich,befreite sich,liberarse (de),-,Dat,0/0,1/2,0/0
sich befreien (aus),befreit sich,hat sich befreit,befreite sich,befreite sich,liberarse (de),-,Dat,0/0,0/0,0/0
beginnen (mit),beginnt,hat begonnen,begann,begänne,empezar (con),-,Dat,0/0,0/0,1/1
sich beklagen (bei),beklagt sich,hat sich beklagt,beklagte sich,beklagte sich,quejarse (a),-,Dat,0/0,0/0,0/0
berichten (von),berichtet,hat berichtet,berichtete,berichtete,informar (de),-,Dat,0/0,0/0,0/0
sich beschäftigen (mit),beschäftigt sich,hat sich beschäftigt,beschäftigte sich,beschäftigte sich,ocuparse (de),-,Dat,0/0,1/2,0/0
bestehen (aus),besteht,hat bestanden,bestand,bestände,consistir (en),-,Dat,0/0,0/0,0/0
sich beschweren (bei),beschwert sich,hat sich beschwert,beschwerte sich,beschwerte sich,quejarse (a),-,Dat,0/0,0/0,0/0
einladen (zu),lädt ein,hat eingeladen,lud ein,lüde ein,invitar (a),-,Dat,0/0,0/0,1/2
sich entschliessen (zu),entschliesst sich,hat sich entschlossen,entschloss sich,entschlösse sich,decidirse (a),-,Dat,0/0,0/0,0/0
sich entschuldigen (bei),entschuldigt sich,hat sich entschuldigt,entschuldigte sich,entschuldigte sich,disculparse (con),-,Dat,0/0,0/0,0/0
sich entwickeln (zu),entwickelt sich,hat sich entwickelt,entwickelte sich,entwickelte sich,desarrollarse (en/hacia),-,Dat,0/0,0/0,0/0
sich erholen (von),erholt sich,hat sich erholt,erholte sich,erholte sich,recuperarse (de),-,Dat,0/0,0/0,0/0
erkennen (an),erkennt,hat erkannt,erkannte,erkannte,reconocer (por),-,Dat,0/0,1/2,0/0
sich erkundigen (nach),erkundigt sich,hat sich erkundigt,erkundigte sich,erkundigte sich,informarse (sobre)/preguntar (por),-,Dat,0/0,0/0,1/2
sich erkundigen (bei),erkundigt sich,hat sich erkundigt,erkundigte sich,erkundigte sich,informarse (con)/preguntar (a),-,Dat,0/0,0/0,1/4
erzählen (von),erzählt,hat erzählt,erzählte,erzählte,contar (sobre),-,Dat,0/0,0/0,0/0
erziehen (zu),erzieht,hat erzogen,erzog,erzöge,educar (para),-,Dat,0/0,1/2,0/0
fehlen (an),fehlt,hat gefehlt,fehlte,fehlte,faltar (en),-,Dat,0/0,0/0,0/0
folgen (aus),folgt,hat gefolgt,folgte,folgte,seguir (de),-,Dat,0/0,0/0,0/0
fragen (nach),fragt,hat gefragt,fragte,fragte,preguntar (por),-,Dat,0/0,1/1,0/0
führen (zu),führt,hat geführt,führte,führte,llevar (a),-,Dat,0/0,0/0,0/0
sich fürchten (vor),fürchtet sich,hat sich gefürchtet,fürchtete sich,fürchtete sich,temer (a),-,Dat,0/0,0/0,0/0
gehören (zu),gehört,hat gehört,gehörte,gehörte,pertenecer (a),-,Dat,0/0,0/0,0/0
gratulieren (zu),gratuliert,hat gratuliert,gratulierte,gratulierte,felicitar (por),-,Dat,0/0,1/2,0/0
halten (von),hält,hat gehalten,hielt,hielte,opinar (de),-,Dat,0/0,0/0,0/0
handeln (mit),handelt,hat gehandelt,handelte,handelte,tratar (con),-,Dat,0/0,0/0,0/0
handeln (von),handelt,hat gehandelt,handelte,handelte,tratar (de),-,Dat,0/0,0/0,0/0
helfen (bei),hilft,hat geholfen,half,hülfe,ayudar (en),-,Dat,0/0,1/2,0/0
hindern (an),hindert,hat gehindert,hinderte,hinderte,impedir (en),-,Dat,0/0,0/0,0/0
hören (von),hört,hat gehört,hörte,hörte,escuchar (de),-,Dat,0/0,0/0,1/1
sich hüten (vor),hütet sich,hat sich gehütet,hütete sich,hütete sich,cuidarse (de)/evitar (a),-,Dat,0/0,0/0,0/0
sich irren (in),irrt sich,hat sich geirrt,irrte sich,irrte sich,equivocarse (en),-,Dat,0/0,0/0,1/3
kämpfen (mit),kämpft,hat gekämpft,kämpfte,kämpfte,luchar (con),-,Dat,0/0,0/0,0/0
kommen (zu),kommt,ist gekommen,kam,käme,llegar (a),-,Dat,0/0,0/0,0/0
leben (von),lebt,hat gelebt,lebte,lebte,vivir (de),-,Dat,0/0,0/0,1/2
leiden (an),leidet,hat gelitten,litt,litte,sufrir (de),-,Dat,0/0,1/2,0/0
leiden (unter),leidet,hat gelitten,litt,litte,sufrir (bajo),-,Dat,0/0,0/0,0/0
liegen (an),liegt,hat gelegen,lag,läge,depender (de),-,Dat,0/0,1/2,0/0
meinen (zu),meint,hat gemeint,meinte,meinte,opinar (sobre),-,Dat,0/0,0/0,0/0
sich melden (bei),meldet sich,hat sich gemeldet,meldete sich,meldete sich,avisar (a)/registrarse (en),-,Dat,0/0,0/0,0/0
passen (zu),passt,hat gepasst,passte,passte,combinar (con),-,Dat,0/0,0/0,0/0
profitieren (von),profitiert,hat profitiert,profitierte,profitierte,beneficiarse (de),-,Dat,0/0,1/2,0/0
sich rächen (an),rächt sich,hat sich gerächt,rächte sich,rächte sich,vengarse (de),-,Dat,0/0,0/0,0/0
raten (zu),rät,hat geraten,riet,riete,aconsejar (a),-,Dat,0/0,0/0,0/0
rechnen (mit),rechnet,hat gerechnet,rechnete,rechnete,contar (con),-,Dat,0/0,0/0,0/0
reden (von),redet,hat geredet,redete,redete,hablar (de),-,Dat,0/0,1/1,1/2
reden (mit),redet,hat geredet,redete,redete,hablar (con),-,Dat,0/0,0/0,0/0
sich richten (nach),richtet sich,hat sich gerichtet,richtete sich,richtete sich,guiarse (por),-,Dat,0/0,0/0,1/2
riechen (nach),riecht,hat gerochen,roch,röche,oler (a),-,Dat,0/0,0/0,0/0
rufen (nach),ruft,hat gerufen,rief,riefe,llamar (a),-,Dat,0/0,0/0,0/0
sich schützen (vor),schützt sich,hat sich geschützt,schützte sich,schützte sich,protegerse (de),-,Dat,0/0,0/0,0/0
schimpfen (mit),schimpft,hat geschimpft,schimpfte,schimpfte,regañar (con),-,Dat,0/0,0/0,0/0
schliessen (aus),schliesst,hat geschlossen,schloss,schlösse,concluir (de),-,Dat,0/0,0/0,0/0
schmecken (nach),schmeckt,hat geschmeckt,schmeckte,schmeckte,saber (a),-,Dat,0/0,0/0,0/0
schreiben (an),schreibt,hat geschrieben,schrieb,schriebe,escribir (la),contenido o tema,Dat,0/0,0/0,0/0
sehen (nach),sieht,hat gesehen,sah,sähe,verificar (algo),-,Dat,0/0,0/0,0/0
sich sehnen (nach),sehnt sich,hat sich gesehnt,sehnte sich,sehnte sich,anhelar (por),-,Dat,0/0,0/0,0/0
sprechen (mit),spricht,hat gesprochen,sprach,spräche,hablar (con),-,Dat,0/0,0/0,1/2
sprechen (von),spricht,hat gesprochen,sprach,spräche,hablar (de),-,Dat,0/0,0/0,1/1
sterben (an),stirbt,ist gestorben,starb,stürbe,morir (de),-,Dat,0/0,0/0,0/0
sich streiten (mit),streitet sich,hat sich gestritten,stritt sich,stritte sich,pelearse (con),-,Dat,0/0,0/0,0/0
teilnehmen (an),nimmt teil,hat teilgenommen,nahm teil,nähme teil,participar (en),-,Dat,0/0,0/0,0/0
telefonieren (mit),telefoniert,hat telefoniert,telefonierte,telefonierte,hablar por teléfono (con),-,Dat,0/0,0/0,0/0
träumen (von),träumt,hat geträumt,träumte,träumte,soñar (con),-,Dat,0/0,0/0,0/0
sich treffen (mit),trifft sich,hat sich getroffen,traf sich,träfe sich,quedar (con)/encontrarse (con),-,Dat,0/0,0/0,0/0
sich trennen (von),trennt sich,hat sich getrennt,trennte sich,trennte sich,separarse (de),-,Dat,0/0,0/0,0/0
überreden (zu),überredet,hat überredet,überredete,überredete,convencer (de),-,Dat,0/0,0/0,0/0
sich unterhalten (mit),unterhält sich,hat sich unterhalten,unterhielt sich,unterhielte sich,conversar (con),-,Dat,0/0,0/0,2/5
sich unterscheiden (von),unterscheidet sich,hat sich unterschieden,unterschied sich,unterschiede sich,diferenciarse (de),-,Dat,0/0,1/2,0/0
sich verabreden (mit),verabredet sich,hat sich verabredet,verabredete sich,verabredete sich,quedar (con)/citar (a),-,Dat,0/0,0/0,0/0
verbinden (mit),verbindet,hat verbunden,verband,verbände,conectar (con),-,Dat,0/0,0/0,0/0
vergleichen (mit),vergleicht,hat verglichen,verglich,vergliche,comparar (con),-,Dat,0/0,0/0,1/2
sich verloben (mit),verlobt sich,hat sich verlobt,verlobte sich,verlobte sich,comprometerse (con),-,Dat,0/0,0/0,0/0
verstehen (von),versteht,hat verstanden,verstand,verstände,entender (de),-,Dat,0/0,0/0,1/2
sich verstehen (mit),versteht sich,hat sich verstanden,verstand sich,verstände sich,entenderse (con),-,Dat,0/0,0/0,0/0
verwechseln (mit),verwechselt,hat verwechselt,verwechselte,verwechselte,confundir (con),-,Dat,0/0,0/0,0/0
wählen (zu),wählt,hat gewählt,wählte,wählte,elegir (para),-,Dat,0/0,0/0,0/0
wählen (zwischen),wählt,hat gewählt,wählte,wählte,elegir (entre),-,Dat,0/0,0/0,0/0
warnen (vor),warnt,hat gewarnt,warnte,warnte,advertir (de),-,Dat,0/0,0/0,0/0
werden (zu),wird,ist geworden,wurde,würde,convertirse (en),-,Dat,0/0,0/0,1/2
wissen (von),weiss,hat gewusst,wusste,wüsste,saber (de),-,Dat,0/0,0/0,1/2
zweifeln (an),zweifelt,hat gezweifelt,zweifelte,zweifelte,dudar (de),-,Dat,0/0,0/0,0/0
zwingen (zu),zwingt,hat gezwungen,zwang,zwänge,obligar (a),-,Dat,0/0,0/0,0/0
zu tun haben (mit),hat zu tun,hat zu tun gehabt,hatte zu tun,hätte zu tun,tener que ver (con),-,Dat,0/0,0/0,0/0
