Infinitiv,Präsens,Partizip II,Präteritum,Konjunktiv II,Übersetzung,Beschreibung,Kasus,Treffer Konjugations,Treffer Deutsch,Treffer Spanisch
sein,ist,ist gewesen,war,wäre,ser/estar,-,-,0/0,0/0,0/0
stimmen,stimmt,hat gestimmt,stimmte,stimmte,estar correcto/ser cierto,-,Akk,0/0,0/0,0/0
gelten,gilt,hat gegolten,galt,gälte,ser válido,-,-,0/0,0/0,0/0
stehen,steht,hat gestanden,stand,stünde,estar de pie,-,Akk,0/0,0/0,0/0
liegen,liegt,hat gelegen,lag,läge,estar acostado,-,Akk,0/0,0/0,0/0
sitzen,sitzt,hat gesessen,saß,säße,estar sentado,-,Akk,0/0,0/0,0/0
nahestehen,steht nahe,hat nahegestanden,stand nahe,stünde nahe,estar cerca de,-,Dat,0/0,0/0,0/0
stecken,steckt,hat gesteckt,steckte,steckte,meter/estar metido,-,Akk,0/0,0/0,0/0
hängen,hängt,hat gehängt/gehangen,hing,hinge,colgar/estar colgado,-,Akk,0/0,0/0,0/0
aufhängen,hängt auf,hat aufgehängt,hängte auf,hängte auf,colgar,solo colgar,Akk,0/0,0/0,0/0
haben,hat,hat gehabt,hatte,hätte,tener,-,Akk,0/0,0/0,0/0
stattfinden,findet statt,hat stattgefunden,fand statt,fände statt,tener lugar/celebrarse,-,Akk,0/0,0/0,0/0
müssen,muss,hat gemusst,musste,müsste,tener que,-,Akk,0/0,0/0,0/0
frieren,friert,hat gefroren,fror,fröre,tener frío,-,Akk,0/0,0/0,0/0
berücksichtigen,berücksichtigt,hat berücksichtigt,berücksichtigte,berücksichtigte,tener en cuenta,-,Akk,0/0,0/0,0/0
merken,merkt,hat gemerkt,merkte,merkte,darse cuenta de,-,Akk,0/0,0/0,0/0
hoffen,hofft,hat gehofft,hoffte,hoffte,esperar,de esperanza,Akk,0/0,0/0,0/0
warten,wartet,hat gewartet,wartete,wartete,esperar,de tiempo,Akk,0/0,0/0,0/0
führen,führt,hat geführt,führte,führte,llevar/dirigir,-,Akk,0/0,0/0,0/0
fahren,fährt,ist gefahren,fuhr,führe,conducir,-,-,0/0,0/0,0/0
mitnehmen,nimmt mit,hat mitgenommen,nahm mit,nähme mit,llevar consigo,-,Akk,0/0,0/0,0/0
anhaben,hat an,hat angehabt,hatte an,hätte an,llevar puesto,-,Akk,0/0,0/0,0/0
tragen,trägt,hat getragen,trug,trüge,llevar puesto/sostener,-,Akk,0/0,0/0,0/0
halten,hält,hat gehalten,hielt,hält,sostener/mantener,-,Akk,0/0,0/0,0/0
hinbringen,bringt hin,hat hingebracht,brachte hin,brächte hin,transportar/llevar a,-,AkkDat,0/0,0/0,0/0
vorhaben,hat vor,hat vorgehabt,hatte vor,hätte vor,planear/proponerse,-,Akk,0/0,0/0,0/0
planen,plant,hat geplant,plante,plante,planear,-,Akk,0/0,0/0,0/0
kommen,kommt,ist gekommen,kam,käme,venir,-,-,0/0,0/0,0/0
wiederkommen,kommt wieder,ist wiedergekommen,kam wieder,käme wieder,volver,visita repetida,-,0/0,0/0,0/0
zurückkommen,kommt zurück,ist zurückgekommen,kam zurück,käme zurück,volver,volver al punto de origen,-,0/0,0/0,0/0
bekommen,bekommt,hat bekommen,bekam,bekäme,recibir,-,Akk,0/0,0/0,0/0
erhalten,erhält,hat erhalten,erhielt,erhielte,recibir,-,Akk,0/0,0/0,0/0
ankommen,kommt an,ist angekommen,kam an,käme an,llegar a,-,Akk,0/0,0/0,0/0
kennenlernen,lernt kennen,hat kennengelernt,lernte kennen,lernte kennen,conocer/llegar a saber,familiarizarse con alguien o algo,Akk,0/0,0/0,0/0
wissen,weiß,hat gewusst,wusste,wüsste,saber,-,-,0/0,0/0,0/0
schmecken,schmeckt,hat geschmeckt,schmeckte,schmeckte,saber,saber de sabor,Dat,0/0,0/0,0/0
kennen,kennt,hat gekannt,kannte,kannte,conocer,-,Akk,0/0,0/0,0/0
entkommen,entkommt,ist entkommen,entkam,entkäme,escapar,-,Dat,0/0,0/0,0/0
vorbeikommen,kommt vorbei,ist vorbeigekommen,kam vorbei,käme vorbei,pasar por,-,-,0/0,0/0,0/0
abfahren,fährt ab,ist abgefahren,fuhr ab,führe ab,salir/partir,en un vehículo,-,0/0,0/0,0/0
ausgehen,geht aus,ist ausgegangen,ging aus,gänge aus,salir,socialmente,-,0/0,0/0,0/0
erfahren,erfährt,hat erfahren,erfuhr,erführe,aprender/enterarse de,-,Akk,0/0,0/0,0/0
lernen,lernt,hat gelernt,lernte,lernte,aprender,no nivel superior,Akk,0/0,0/0,0/0
erleben,erlebt,hat erlebt,erlebte,erlebte,vivir/experimentar,-,Akk,0/0,0/0,0/0
leben,lebt,hat gelebt,lebte,lebte,vivir,-,Akk,0/0,0/0,0/0
wohnen,wohnt,hat gewohnt,wohnte,wohnte,vivir,en un lugar,Dat,0/0,0/0,0/0
wegfahren,fährt weg,ist weggefahren,fuhr weg,führe weg,irse,en vehículo,-,0/0,0/0,0/0
weggehen,geht weg,ist weggegangen,ging weg,gänge weg,irse,-,-,0/0,0/0,0/0
denken,denkt,hat gedacht,dachte,dächte,pensar,-,-,0/0,0/0,0/0
meinen,meint,hat gemeint,meinte,meinte,opinar,-,Akk,0/0,0/0,0/0
nachdenken,denkt nach,hat nachgedacht,dachte nach,dächte nach,reflexionar,pensar detenidamente,-,0/0,0/0,0/0
überlegen,überlegt,hat überlegt,überlegte,überlegte,reflexionar,considerar o ponderar algo,Akk,0/0,0/0,0/0
studieren,studiert,hat studiert,studierte,studierte,estudiar,sólo nivel superior,Acc,0/0,0/0,0/0
wählen,wählt,hat gewählt,wählte,wählte,elegir,-,Akk,0/0,0/0,0/0
tun,tut,hat getan,tat,täte,hacer,-,Akk,0/0,0/0,0/0
machen,macht,hat gemacht,machte,machte,hacer,-,Akk,0/0,0/0,0/0
erledigen,erledigt,hat erledigt,erledigte,erledigte,hacer,hacer algo hasta completarlo,Akk,0/0,0/0,0/0
einkaufen,kauft ein,hat eingekauft,kaufte ein,kaufte ein,hacer la compra,-,Akk,0/0,0/0,0/0
wandern,wandert,ist gewandert,wanderte,wanderte,hacer senderismo,-,-,0/0,0/0,0/0
umsteigen,steigt um,ist umgestiegen,stieg um,stiege um,hacer transbordo,-,Akk,0/0,0/0,0/0
turnen,turnt,hat geturnt,turnte,turnte,hacer gimnasia,-,Akk,0/0,0/0,0/0
basteln,bastelt,hat gebastelt,bastelte,bastelte,hacer manualidades,-,Akk,0/0,0/0,0/0
wehtun,tut weh,hat wehgetan,tat weh,täte weh,doler/hacer daño,-,Akk,0/0,0/0,0/0
schmerzen,schmerzt,hat geschmerzt,schmerzte,schmerzte,doler,-,Akk,0/0,0/0,0/0
streiken,streikt,hat gestreikt,streikte,streikte,hacer huelga,-,-,0/0,0/0,0/0
zumachen,macht zu,hat zugemacht,machte zu,machte zu,cerrar,-,Akk,0/0,0/0,0/0
schließen,schließt,hat geschlossen,schloss,schlösse,cerrar,-,Akk,0/0,0/0,0/0
aufmachen,macht auf,hat aufgemacht,machte auf,machte auf,abrir,general,Akk,0/0,0/0,0/0
öffnen,öffnet,hat geöffnet,öffnete,öffnete,abrir,más formal y técnico,Akk,0/0,0/0,0/0
anmachen,macht an,hat angemacht,machte an,machte an,encender,-,Akk,0/0,0/0,0/0
ausmachen,macht aus,hat ausgemacht,machte aus,machte aus,apagar/concertar,-,Akk,0/0,0/0,0/0
abstellen,stellt ab,hat abgestellt,stelle ab,stelle ab,apagar/estacionar,-,Akk,0/0,0/0,0/0
parken,parkt,hat geparkt,parkte,parkte,aparcar,-,Akk,0/0,0/0,0/0
sagen,sagt,hat gesagt,sagte,sagte,decir,-,Dat,0/0,0/0,0/0
reden,redet,hat geredet,redete,redete,hablar/conversar,-,Akk,0/0,0/0,0/0
unterhalten,unterhält sich,hat sich unterhalten,unterhielt sich,unterhielte sich,conversar,charlar o entretenerse,-,0/0,0/0,0/0
sprechen,spricht,hat gesprochen,sprach,spräche,hablar,-,Akk,0/0,0/0,0/0
telefonieren,telefoniert,hat telefoniert,telefonierte,telefonierte,hablar por teléfono,-,Akk,0/0,0/0,0/0
anrufen,ruft an,hat angerufen,rief an,rüfe an,llamar por teléfono,hacer una llamada telefónica,Akk,0/0,0/0,0/0
rufen,ruft,hat gerufen,rief,rüfe,llamar,con la voz,Akk,0/0,0/0,0/0
klingeln,klingelt,hat geklingelt,klingelte,klingelte,llamar,sonar un timbre o teléfono,Akk,0/0,0/0,0/0
nennen,nennt,hat genannt,nannte,nänne,llamar,nombrar algo,AkkDat,0/0,0/0,0/0
anreden,anredet,hat angeredet,anredete,anredete,dirigirse a,alguien,Akk,0/0,0/0,0/0
ansprechen,spricht an,hat angesprochen,sprach an,spräche an,dirigirse a,abordar un tema o persona,Akk,0/0,0/0,0/0
schlafen,schläft,hat geschlafen,schlief,schliefe,dormir,-,-,0/0,0/0,0/0
ausschlafen,schläft aus,hat ausgeschlafen,schlief aus,schlief aus,dormir suficiente,-,-,0/0,0/0,0/0
einschlafen,schläft ein,ist eingeschlafen,schlief ein,schlief ein,quedarse dormido,el proceso de dormirse,-,0/0,0/0,0/0
verschlafen,verschläft,hat verschlafen,verschlief,verschlüfe,quedarse dormido,el dormir de más,-,0/0,0/0,0/0
wegbleiben,bleibt weg,ist weggeblieben,blieb weg,bliebe weg,quedarse fuera,-,-,0/0,0/0,0/0
hören,hört,hat gehört,hörte,hörte,oír,-,Akk,0/0,0/0,0/0
gehören,gehört,hat gehört,gehörte,gehörte,pertenecer,-,Dat,0/0,0/0,0/0
aufhören, hörtauf,hat aufgehört,hörte auf,hörte auf,terminar,parar de hacer algo,Akk,0/0,0/0,0/0
beenden,beendet,hat beendet,beendete,beendete,terminar,finalizar algo,Akk,0/0,0/0,0/0
trinken,trinkt,hat getrunken,trank,tränke,beber,-,Akk,0/0,0/0,0/0
austrinken,trinkt aus,hat ausgetrunken,trank aus,tränke aus,terminar de beber,-,Akk,0/0,0/0,0/0
zuhören,hört zu,hat zugehört,hörte zu,hörte zu,escuchar con atención,-,Dat,0/0,0/0,0/0
leihen,leiht,hat geliehen,lieh,litte,prestar,-,AkkDat,0/0,0/0,0/0
aufpassen,passt auf,hat aufgepasst,passte auf,passte auf,vigilar/prestar atención,-,Akk,0/0,0/0,0/0
pflegen,pflegt,hat gepflegt,pflegte,pflegte,cuidar,-,Akk,0/0,0/0,0/0
betreuen,betreut,hat betreut,betreute,betreute,supervisar,-,-,0/0,0/0,0/0
bedienen,bedient,hat bedient,bediente,bediente,atender/manejar,-,Akk,0/0,0/0,0/0
kaufen,kauft,hat gekauft,kaufte,kaufte,comprar,-,Akk,0/0,0/0,0/0
verkaufen,verkauft,hat verkauft,verkaufte,verkaufte,vender,-,Akk,0/0,0/0,0/0
essen,isst,hat gegessen,aß,äße,comer,-,Akk,0/0,0/0,0/0
fressen,frisst,hat gefressen,fraß,frässe,comer,para animales,Akk,0/0,0/0,0/0
füttern,füttert,hat gefüttert,fütterte,fütterte,dar de comer,-,Akk,0/0,0/0,0/0
geben,gibt,hat gegeben,gab,gäbe,dar,-,AkkDat,0/0,0/0,0/0
finden,findet,hat gefunden,fand,fände,encontrar,-,Akk,0/0,0/0,0/0
sehen,sieht,hat gesehen,sah,sähe,ver,general,Akk,0/0,0/0,0/0
ansehen,sieht an,hat angesehen,sah an,sähe an,ver,ver algo de manera más deliberada,Akk,0/0,0/0,0/0
fernsehen,sieht fern,hat ferngesehen,sah fern,sähe fern,ver la televisión,-,-,0/0,0/0,0/0
aussehen,sieht aus,hat ausgesehen,sah aus,sähe aus,parecer,apariencia,Akk,0/0,0/0,0/0
scheinen,scheint,hat geschienen,schien,schiene,brillar/parecer,parecer algo,Akk,0/0,0/0,0/0
gehen,geht,ist gegangen,ging,gänge,ir,-,-,0/0,0/0,0/0
nehmen,nimmt,hat genommen,nahm,nähme,tomar/agarrar,-,AkkDat,0/0,0/0,0/0
fangen,fängt,hat gefangen,fing,finge,atrapar,-,Akk,0/0,0/0,0/0
abholen,holt ab,hat abgeholt,holte ab,holte ab,recoger,a alguien o algo,Akk,0/0,0/0,0/0
aufnehmen,nimmt auf,hat aufgenommen,nahm auf,nähme auf,grabar/acoger,-,Akk,0/0,0/0,0/0
einsammeln,sammelt ein,hat eingesammelt,sammelte ein,sammelte ein,recoger/recolectar,recoger múltiples cosas,Akk,0/0,0/0,0/0
sammeln,sammelt,hat gesammelt,sammelte,sammelte,recolectar/coleccionar,recoger múltiples cosas,Akk,0/0,0/0,0/0
annehmen,nimmt an,hat angenommen,nahm an,nähme an,aceptar,aceptar algo que se ofrece,Akk,0/0,0/0,0/0
ablehnen,lehnt ab,hat abgelehnt,lehnte ab,lehnte ab,rechazar,-,Akk,0/0,0/0,0/0
programmieren,programmiert,hat programmiert,programmierte,programmierte,programar,-,Akk,0/0,0/0,0/0
antworten,antwortet,hat geantwortet,antwortete,antwortete,responder,-,Akk,0/0,0/0,0/0
beantworten,beantwortet,hat beantwortet,beantwortete,beantwortete,responder a,-,Akk,0/0,0/0,0/0
einsagen,sagt ein,hat eingesagt,sagte ein,sagte ein,soplar/responder por otro,-,-,0/0,0/0,0/0
zählen,zählt,hat gezählt,zählte,zählte,contar,cantidades,Akk,0/0,0/0,0/0
erzählen,erzählt,hat erzählt,erzählte,erzählte,contar,narrar,Akk,0/0,0/0,0/0
mitzählen,zählt mit,hat mitgezählt,zählte mit,zählte mit,contar con,-,Akk,0/0,0/0,0/0
reisen,reist,ist gereist,reiste,reiste,viajar,general,-,0/0,0/0,0/0
verreisen,verreist,ist verreist,verreiste,verreiste,viajar,irse de viaje,-,0/0,0/0,0/0
räumen,räumt,hat geräumt,räumte,räumte,limpiar,despejar/ordenar,Akk,0/0,0/0,0/0
putzen,putzt,hat geputzt,putzte,putzte,limpiar,limpiar algo,Akk,0/0,0/0,0/0
reinigen,reinigte,hat gereinigt,reinigte,reinigte,limpiar,limpiar algo,Akk,0/0,0/0,0/0
aufräumen,räumt auf,hat aufgeräumt,räumte auf,räumte auf,ordenar,ordenar un espacio,Akk,0/0,0/0,0/0
ordnen,ordnet,hat geordnet,ordnete,ordnete,ordenar/organizar,-,-,0/0,0/0,0/0
befehlen,befiehlt,hat befohlen,befahl,befähle,ordenar/mandar,mandato,Dat,0/0,0/0,0/0
bestellen,bestellt,hat bestellt,bestellte,bestellte,pedir/ordenar,-,Akk,0/0,0/0,0/0
bitten,bittet,hat gebeten,bat,bäte,pedir,-,AkkDat,0/0,0/0,0/0
auffordern,fordert auf,hat aufgefordert,forderte auf,förderte auf,invitar/pedir,pedir formalmente,Akk,0/0,0/0,0/0
einladen,lädt ein,hat eingeladen,lud ein,lüde ein,invitar,-,AkkDat,0/0,0/0,0/0
bleiben,bleibt,ist geblieben,blieb,bliebe,permanecer en,-,-,0/0,0/0,0/0
passieren,passiert,ist passiert,passierte,passierte,suceder,-,-,0/0,0/0,0/0
geschehen,geschieht,ist geschehen,geschah,geschähe,suceder,-,-,0/0,0/0,0/0
werden,wird,ist geworden,wurde,würde,convertirse en,-,-,0/0,0/0,0/0
arbeiten,arbeitet,hat gearbeitet,arbeitete,arbeitete,trabajar,-,Akk,0/0,0/0,0/0
lesen,liest,hat gelesen,las,läse,leer,-,Akk,0/0,0/0,0/0
vorlesen,liest vor,hat vorgelesen,las vor,läse vor,leer en voz alta,-,Akk,0/0,0/0,0/0
durchlesen,liest durch,hat durchgelesen,las durch,läse durch,leer por completo,-,Akk,0/0,0/0,0/0
wechseln,wechselt,hat gewechselt,wechselte,wechselte,cambiar,entre cosas,Akk,0/0,0/0,0/0
ändern,ändert,hat geändert,änderte,änderte,cambiar,modificar algo,Akk,0/0,0/0,0/0
austauschen,tauscht aus,hat ausgetauscht,tauschte aus,tauschte aus,cambiar,intercambiar,Akk,0/0,0/0,0/0
lassen,lässt,hat gelassen,ließ,liesse,dejar,-,Akk,0/0,0/0,0/0
verlassen,verlässt,hat verlassen,verließ,verließe,abandonar,-,Akk,0/0,0/0,0/0
hinterlassen,hinterlässt,hat hinterlassen,hinterließ,hinterließe,dejar atrás,-,Akk,0/0,0/0,0/0
abgewöhnen,gewöhnt ab,hat abgewöhnt,gewöhnte ab,gewöhnte ab,dejar un hábito,-,-,0/0,0/0,0/0
mögen,mag,hat gemocht,mochte,möchte,gustar,general,Akk,0/0,0/0,0/0
gefallen,gefällt,hat gefallen,gefiel,gefiel,gustar,encontrar algo agradable,Dat,0/0,0/0,0/0
treten,tritt,ist getreten,trat,träte,entrar,-,Akk,0/0,0/0,0/0
betreten,betritt,hat betreten,betrat,betrat,entrar en,-,Akk,0/0,0/0,0/0
heißen,heißt,hat geheißen,hiess,hiess,llamarse,-,Akk,0/0,0/0,0/0
versprechen,verspricht,hat versprochen,versprach,verspräche,prometer,-,Akk,0/0,0/0,0/0
spielen,spielt,hat gespielt,spielte,spielte,jugar,-,Akk,0/0,0/0,0/0
mitspielen,spielt mit,hat mitgespielt,spielte mit,spielte mit,jugar con/en,-,Akk,0/0,0/0,0/0
tanzen,tanzt,hat getanzt,tanzte,tanzte,bailar,-,Akk,0/0,0/0,0/0
werfen,wirft,hat geworfen,worfen,würfe,tirar/lanzar,-,Akk,0/0,0/0,0/0
wegwerfen,wirft weg,hat weggeworfen,warf weg,würfe weg,tirar/botar,-,Akk,0/0,0/0,0/0
würfeln,würfelt,hat gewürfelt,würfelte,würfelte,tirar los dados,-,Akk,0/0,0/0,0/0
schreiben,schreibt,hat geschrieben,schrieb,schriebe,escribir,-,Akk,0/0,0/0,0/0
abschreiben,schreibt ab,hat abgeschrieben,schrieb ab,schriebe ab,copiar,-,Akk,0/0,0/0,0/0
beschreiben,beschreibt,hat beschrieben,beschrieb,beschriebe,describir,-,Akk,0/0,0/0,0/0
umschreiben,schreibt um,hat umgeschrieben,schrieb um,schriebe um,reescribir,-,Akk,0/0,0/0,0/0
können,kann,hat gekonnt,konnte,könnte,poder,-,Akk,0/0,0/0,0/0
wollen,will,hat gewollt,wollte,wollte,querer,-,Akk,0/0,0/0,0/0
leeren,leert,hat geleert,leerte,leerte,vaciar,-,Akk,0/0,0/0,0/0
ziehen,zieht,hat gezogen,zog,zöge,mover/mudarse,general,Akk,0/0,0/0,0/0
umziehen,zieht um,ist umgezogen,zog um,zöge um,mudarse,desocupar un lugar,Akk,0/0,0/0,0/0
einziehen,zieht ein,ist eingezogen,zog ein,zöge ein,mudarse,ocupar un lugar,Akk,0/0,0/0,0/0
ausziehen,zieht aus,ist ausgezogen,zog aus,zöge aus,mudarse/desvestirse,desocupar un lugar,Akk,0/0,0/0,0/0
anziehen,zieht an,hat angezogen,zog an,zöge an,vestir,-,Akk,0/0,0/0,0/0
anfangen,fängt an,hat angefangen,fing an,finge an,empezar,no necesita mit,Akk,0/0,0/0,0/0
beginnen,beginnt,hat begonnen,begann,begönne,empezar,si necesita mit,Akk,0/0,0/0,0/0
steigen,steigt,ist gestiegen,stieg,stiege,subir,general,Akk,0/0,0/0,0/0
einsteigen,steigt ein,ist eingestiegen,stieg ein,stiege ein,subir a un vehículo,-,Akk,0/0,0/0,0/0
aussteigen,steigt aus,ist ausgestiegen,stieg aus,stiege aus,bajar de un vehículo,-,Akk,0/0,0/0,0/0
feiern,feiert,hat gefeiert,feierte,feierte,celebrar,-,Akk,0/0,0/0,0/0
stellen,stellt,hat gestellt,stelle,stelle,poner,-,Akk,0/0,0/0,0/0
legen,legt,hat gelegt,legte,legte,poner,horizontal,Akk,0/0,0/0,0/0
gutstellen,stellt gut,hat gutgestellt,stelle gut,stelle gut,poner en buen estado,-,Akk,0/0,0/0,0/0
aufstellen,stellt auf,hat aufgestellt,stelle auf,stelle auf,poner en pie,-,Akk,0/0,0/0,0/0
herstellen,herstellt,hat hergestellt,stellte her,stellte her,producir,-,Akk,0/0,0/0,0/0
produzieren,produziert,hat produziert,produzierte,produzierte,producir,-,Akk,0/0,0/0,0/0
anstellen,anstellt,hat angestellt,stelle an,stelle an,contratar,-,Akk,0/0,0/0,0/0
verstehen,versteht,hat verstanden,verstand,verstünde,entender,-,Akk,0/0,0/0,0/0
aufstehen,steht auf,ist aufgestanden,stand auf,stünde auf,levantarse,-,Akk,0/0,0/0,0/0
setzen,setzt,hat gesetzt,setzte,setzte,sentar,-,Akk,0/0,0/0,0/0
ersetzen,ersetzt,hat ersetzt,ersetzte,ersetzte,reemplazar,-,Akk,0/0,0/0,0/0
übersetzen,übersetzt,hat übersetzt,übersetzte,übersetzte,traducir,-,Akk,0/0,0/0,0/0
üben,übt,hat geübt,übte,übte,practicar,-,Akk,0/0,0/0,0/0
malen,malt,hat gemalt,malte,malte,pintar,-,Akk,0/0,0/0,0/0
lachen,lacht,hat gelacht,lachte,lachte,reír,-,Akk,0/0,0/0,0/0
auslachen,lacht aus,hat ausgelacht,lachte aus,lachte aus,reírse de,-,Akk,0/0,0/0,0/0
weinen,weint,hat geweint,weinte,weinte,llorar,-,Akk,0/0,0/0,0/0
suchen,sucht,hat gesucht,suchte,suchte,buscar,-,Akk,0/0,0/0,0/0
besuchen,besucht,hat besucht,besuchte,besuchte,visitar,-,Akk,0/0,0/0,0/0
aussuchen,sucht aus,hat ausgesucht,suchte aus,suchte aus,escoger,-,Akk,0/0,0/0,0/0
folgen,folgt,ist gefolgt,folgte,folgte,seguir,a alguien o algo,Dat,0/0,0/0,0/0
weitersuchen,sucht weiter,hat weitergesucht,suchte weiter,suchte weiter,seguir buscando,-,Akk,0/0,0/0,0/0
weiterfahren,fährt weiter,ist weitergefahren,fuhr weiter,führe weiter,seguir conduciendo,-,-,0/0,0/0,0/0
schicken,schickt,hat geschickt,schickte,schickte,enviar,-,Akk,0/0,0/0,0/0
fischen,fischt,hat gefischt,fischte,fischte,pescar,-,Akk,0/0,0/0,0/0
baden,badet,hat gebadet,badete,badete,bañarse,-,Akk,0/0,0/0,0/0
rechnen,rechnet,hat gerechnet,rechnete,rechnete,calcular,-,Akk,0/0,0/0,0/0
atmen,atmet,hat geatmet,atmete,atmete,respirar,-,Akk,0/0,0/0,0/0
regnen,regnet,hat geregnet,regnete,regnete,llover,-,Akk,0/0,0/0,0/0
zeichnen,zeichnet,hat gezeichnet,zeichnete,zeichnete,dibujar,-,Akk,0/0,0/0,0/0
reparieren,repariert,hat repariert,reparierte,reparierte,reparar,-,Akk,0/0,0/0,0/0
korrigieren,korrigiert,hat korrigiert,korrigierte,korrigierte,corregir,-,Akk,0/0,0/0,0/0
fotografieren,fotografiert,hat fotografiert,fotografierte,fotografierte,fotografiar,-,Akk,0/0,0/0,0/0
klären,klärt,hat geklärt,klärte,klärte,aclarar,-,Akk,0/0,0/0,0/0
erklären,erklärt,hat erklärt,erklärte,erklärte,explicar,-,Akk,0/0,0/0,0/0
ärgern,ärgert,hat geärgert,ärgerte,ärgerte,molestar,emocionalmente,Akk,0/0,0/0,0/0
stören,stört,hat gestört,störte,störte,molestar,interrumpir o incomodar,Akk,0/0,0/0,0/0
zerstören,zerstört,hat zerstört,zerstörte,zerstörte,destruir,-,Akk,0/0,0/0,0/0
packen,packt,hat gepackt,packte,packte,empaquetar/empacar,-,Akk,0/0,0/0,0/0
einpacken,packt ein,hat eingepackt,packte ein,packte ein,envolver,-,Akk,0/0,0/0,0/0
auspacken,packt aus,hat ausgepackt,packte aus,packte aus,desempaquetar,-,Akk,0/0,0/0,0/0
holen,holt,hat geholt,holte,holte,traer,traer aquí,Akk,0/0,0/0,0/0
bringen,bringt,hat gebracht,brachte,brächte,traer,a un destino específico,AkkDat,0/0,0/0,0/0
mitbringen,bringt mit,hat mitgebracht,brachte mit,brächte mit,traer consigo,-,AkkDat,0/0,0/0,0/0
wiederholen,wiederholt,hat wiederholt,wiederholte,wiederholte,repetir,-,Akk,0/0,0/0,0/0
kreuzen,kreuzt,hat gekreuzt,kreuzte,kreuzte,cruzar,-,Akk,0/0,0/0,0/0
ankreuzen,kreuzt an,hat angekreuzt,kreuzte an,kreuzte an,marcar con una cruz,-,Akk,0/0,0/0,0/0
versuchen,versucht,hat versucht,versuchte,versuchte,intentar,-,Akk,0/0,0/0,0/0
klettern,klettert,ist geklettert,kletterte,kletterte,escalar,-,Akk,0/0,0/0,0/0
wachen,wacht,ist gewacht,wachte,wachte,velar,-,Akk,0/0,0/0,0/0
aufwachen,wacht auf,ist aufgewacht,wachte auf,wachte auf,despertarse,-,Akk,0/0,0/0,0/0
wecken,weckt,hat geweckt,weckte,weckte,despertar,a alguien,Akk,0/0,0/0,0/0
waschen,wäscht,hat gewaschen,wusch,wüsche,lavar,-,Akk,0/0,0/0,0/0
spülen,spült,hat gespült,spülte,spülte,enjuagar,-,Akk,0/0,0/0,0/0
rollen,rollt,hat gerollt,rollte,rollte,rodar,-,Akk,0/0,0/0,0/0
trainieren,trainiert,hat trainiert,trainierte,trainierte,entrenar,-,Akk,0/0,0/0,0/0
bessern,bessert,hat gebessert,besserte,besserte,mejorar,mejorar algo,Akk,0/0,0/0,0/0
verbessern,verbessert,hat verbessert,verbesserte,verbesserte,mejorar,hacer algo de mejor manera,Akk,0/0,0/0,0/0
zeigen,zeigt,hat gezeigt,zeigte,zeigte,mostrar,-,AkkDat,0/0,0/0,0/0
brauchen,braucht,hat gebraucht,brauchte,brauchte,necesitar,-,Akk,0/0,0/0,0/0
backen,bäckt,hat gebacken,buk,böke,hornear,-,Akk,0/0,0/0,0/0
beobachten,beobachtet,hat beobachtet,beobachtete,beobachtete,observar,-,Akk,0/0,0/0,0/0
zahlen,zahlt,hat gezahlt,zahlte,zahlte,pagar,-,Akk,0/0,0/0,0/0
bezahlen,bezahlt,hat bezahlt,bezahlte,bezahlte,pagar,suele usarse si se quiere indicar qué se paga,Akk,0/0,0/0,0/0
entrichten,entrichtet,hat entrichtet,entrichtete,entrichtete,pagar/abonar,-,-,0/0,0/0,0/0
fragen,fragt,hat gefragt,fragte,fragte,preguntar,-,Akk,0/0,0/0,0/0
gewinnen,gewinnt,hat gewonnen,gewann,gewänne,ganar,-,Akk,0/0,0/0,0/0
verdienen,verdient,hat verdient,verdiente,verdiente,ganar dinero,-,Akk,0/0,0/0,0/0
gießen,gießt,hat gegossen,goss,gösse,regar,-,Akk,0/0,0/0,0/0
lieben,liebt,hat geliebt,liebte,liebte,amar,-,Akk,0/0,0/0,0/0
treffen,trifft,hat getroffen,traf,träfe,encontrarse con alguien,-,Akk,0/0,0/0,0/0
zuflüstern,flüstert zu,hat zugeflüstert,flüsterte zu,flüsterte zu,susurrar,-,Dat,0/0,0/0,0/0
flüstern,flüstert,hat geflüstert,flüsterte,flüsterte,susurrar,-,-,0/0,0/0,0/0
tuscheln,tuschelt,hat getuschelt,tuschelte,tuschelte,susurrar,charlar en secreto,-,0/0,0/0,0/0
schwatzen,schwatzt,hat geschwatzt,schwatzte,schwatzte,charlar,-,-,0/0,0/0,0/0
plaudern,plaudert,hat geplaudert,plauderte,plauderte,charlar amigablemente,-,-,0/0,0/0,0/0
quasseln,quasselt,hat gequasselt,quasselte,quasselte,charlar sin sentido,-,-,0/0,0/0,0/0
quatschen,quatscht,hat gequatscht,quatschte,quatschte,charlar informalmente,-,-,0/0,0/0,0/0
vergessen,vergisst,hat vergessen,vergaß,vergäße,olvidar,-,Akk,0/0,0/0,0/0
erinnern,erinnert,hat erinnert,erinnerte,erinnerte,recordar,-,Akk,0/0,0/0,0/0
verlieren,verliert,hat verloren,verlor,verlöre,perder,-,Akk,0/0,0/0,0/0
passen,passt,hat gepasst,passte,passte,quedar bien,-,Akk,0/0,0/0,0/0
verabreden,verabredet,hat verabredet,verabredete,verabredete,quedar con/citar,-,Akk,0/0,0/0,0/0
verpassen,verpasst,hat verpasst,verpasste,verpasste,perderse,-,Akk,0/0,0/0,0/0
ausgeben,gibt aus,hat ausgegeben,gab aus,gäbe aus,gastar,-,AkkDat,0/0,0/0,0/0
weitergeben,gibt weiter,hat weitergegeben,gab weiter,gäbe weiter,transmitir,-,AkkDat,0/0,0/0,0/0
helfen,hilft,hat geholfen,half,hülfe,ayudar,-,Dat,0/0,0/0,0/0
springen,springt,ist gesprungen,sprang,spränge,saltar,-,-,0/0,0/0,0/0
durcheinanderbringen,bringt durcheinander,hat durcheinandergebracht,brachte durcheinander,brächte durcheinander,confundir/desordenar,-,AkkDat,0/0,0/0,0/0
fliegen,fliegt,ist geflogen,flog,flöge,volar,-,-,0/0,0/0,0/0
laufen,läuft,ist gelaufen,lief,liefe,caminar,-,-,0/0,0/0,0/0
unterrichten,unterrichtet,hat unterrichtet,unterrichtete,unterrichtete,enseñar,-,Akk,0/0,0/0,0/0
weglaufen,läuft weg,ist weggelaufen,lief weg,liefe weg,echar a correr,-,-,0/0,0/0,0/0
rennen,rennt,ist gerannt,rannte,ränne,correr,general,-,0/0,0/0,0/0
joggen,joggt,ist gejoggt,joggte,joggte,correr,hacer footing,-,0/0,0/0,0/0
bieten,bietet,hat geboten,bot,böte,ofrecer,-,AkkDat,0/0,0/0,0/0
anbieten,bietet an,hat angeboten,bot an,böte an,ofrecer,-,Akk,0/0,0/0,0/0
verbieten,verbietet,hat verboten,verbot,verböte,prohibir,-,Akk,0/0,0/0,0/0
laden,lädt,hat geladen,lud,lüde,cargar,-,AkkDat,0/0,0/0,0/0
wachsen,wächst,ist gewachsen,wuchs,wüchse,crecer,-,-,0/0,0/0,0/0
binden,bindet,hat gebunden,bund,bünde,atar,-,AkkDat,0/0,0/0,0/0
singen,singt,hat gesungen,sang,sänge,cantar,-,-,0/0,0/0,0/0
leiden,leidet,hat gelitten,litt,litte,sufrir,-,Akk,0/0,0/0,0/0
schneiden,schneidet,hat geschnitten,schnitt,schnitte,cortar,-,Akk,0/0,0/0,0/0
reiten,reitet,ist geritten,ritt,röte,montar a caballo,-,-,0/0,0/0,0/0
schwimmen,schwimmt,ist geschwommen,schwamm,schwöm,nadar,-,-,0/0,0/0,0/0
fallen,fällt,ist gefallen,fiel,fiele,caer,-,-,0/0,0/0,0/0
hinfallen,fällt hin,ist hingefallen,fiel hin,fiele hin,caerse,-,-,0/0,0/0,0/0
danken,dankt,hat gedankt,dankte,dankte,agradecer,-,Dat,0/0,0/0,0/0
frühstücken,frühstückt,hat gefrühstückt,frühstückte,frühstückte,desayunar,-,Akk,0/0,0/0,0/0
schimpfen,schimpft,hat geschimpft,schimpfte,schimpfte,regañar,-,Akk,0/0,0/0,0/0
notieren,notiert,hat notiert,notierte,notierte,anotar,-,Akk,0/0,0/0,0/0
ausführen,führt aus,hat ausgeführt,führte aus,führte aus,realizar/pasear,-,Akk,0/0,0/0,0/0
gebären,gebärt,hat geboren,gebar,gebäre,parir,-,Akk,0/0,0/0,0/0
heiraten,heiratet,hat geheiratet,heiratete,heiratete,casarse,-,Akk,0/0,0/0,0/0
entscheiden,entscheidet,hat entschieden,entschied,entschieden,decidir,general,Akk,0/0,0/0,0/0
beschließen,beschließt,hat beschlossen,beschloss,beschlösse,decidir,tomar una decisión final,Akk,0/0,0/0,0/0
sterben,stirbt,ist gestorben,starb,stürbe,morir,-,-,0/0,0/0,0/0
kochen,kocht,hat gekocht,kochte,kochte,cocinar,-,Akk,0/0,0/0,0/0
zerbrechen,zerbricht,hat zerbrochen,zerbrach,zerbräche,romper,romper en pedazos,Akk,0/0,0/0,0/0
abbrechen,bricht ab,hat abgebrochen,brach ab,bräche ab,interrumpir,interrumpir o suspender algo,Akk,0/0,0/0,0/0
schneien,schneit,hat geschneit,schneite,schneite,nevar,-,Akk,0/0,0/0,0/0
bauen,baut,hat gebaut,baute,baute,construir,-,Akk,0/0,0/0,0/0
bedeuten,bedeutet,hat bedeutet,bedeutete,bedeutete,significar,-,Akk,0/0,0/0,0/0
diskutieren,diskutiert,hat diskutiert,diskutierte,diskutierte,discutir,-,Akk,0/0,0/0,0/0
duschen,duscht,hat geduscht,duschte,duschte,duchar,-,Akk,0/0,0/0,0/0
ergänzen,ergänzt,hat ergänzt,ergänzte,ergänzte,completar,-,Akk,0/0,0/0,0/0
funktionieren,funktioniert,hat funktioniert,funktionierte,funktionierte,funcionar,-,Akk,0/0,0/0,0/0
glauben,glaubt,hat geglaubt,glaubte,glaubte,creer,-,Akk,0/0,0/0,0/0
gucken,guckt,hat geguckt,guckte,guckte,mirar,fijarse,Akk,0/0,0/0,0/0
schauen,schaut,hat geschaut,schaute,schaute,mirar,general,Akk,0/0,0/0,0/0
informieren,informiert,hat informiert,informierte,informierte,informar,-,Akk,0/0,0/0,0/0
berichten,berichtet,hat berichtet,berichtete,berichtete,informar,-,Akk,0/0,0/0,0/0
melden,meldet,hat gemeldet,meldete,meldete,informar,-,Akk,0/0,0/0,0/0
erkündigen,erkündigt,hat erkündigt,erkündigte,erkündigte,proclamar/anunciar,-,-,0/0,0/0,0/0
ankündigen,kündigt an,hat angekündigt,kündigte an,kündigte an,anunciar,-,-,0/0,0/0,0/0
mitteilen,teilt mit,hat mitgeteilt,teilte mit,teilte mit,comunicar/informar,-,Dat,0/0,0/0,0/0
verständigen,verständigt,hat verständigt,verständigte,verständigte,informar/notificar,-,-,0/0,0/0,0/0
kontrollieren,kontrolliert,hat kontrolliert,kontrollierte,kontrollierte,controlar,-,Akk,0/0,0/0,0/0
kosten,kostet,hat gekostet,kostete,kostete,costar,-,Akk,0/0,0/0,0/0
messen,misst,hat gemessen,messete,messete,medir,-,Akk,0/0,0/0,0/0
rauchen,raucht,hat geraucht,rauchte,rauchte,fumar,-,Akk,0/0,0/0,0/0
bestimmten,bestimmt,hat bestimmt,bestimmte,bestimmte,determinar,-,Akk,0/0,0/0,0/0
erlauben,erlaubt,hat erlaubt,erlaubte,erlaubte,permitir,-,Akk,0/0,0/0,0/0
dienen,dient,hat gedient,diente,diente,servir/atender,servir a alguien,Dat,0/0,0/0,0/0
nützen,nützt,hat genützt,nützte,nützte,servir/aprovechar,ser útil,Dat,0/0,0/0,0/0
vergleichen,vergleicht,hat verglichen,verglich,vergleiche,comparar,-,Akk,0/0,0/0,0/0
vorbereiten,bereitet vor,hat vorbereitet,bereitete vor,bereitete vor,preparar,-,Akk,0/0,0/0,0/0
kündigen,kündigt,hat gekündigt,kündigte,kündigte,despedir/anular/renunciar,-,Akk,0/0,0/0,0/0
verabschieden,verabschiedet,hat verabschiedet,verabschiedete,verabschiedete,despedirse,-,Akk,0/0,0/0,0/0
operieren,operiert,hat operiert,operierte,operierte,operar,-,Akk,0/0,0/0,0/0
mieten,mietet,hat gemietet,mietete,mietete,rentar/alquilar,-,Akk,0/0,0/0,0/0
grüßen,grüßt,hat gegrüßt,grüßte,grüßte,saludar,general,Akk,0/0,0/0,0/0
begrüßen,begrüßt,hat begrüßt,begrüßte,begrüßte,saludar,como dar la bienvenida,Akk,0/0,0/0,0/0
winken,winkt,hat gewinkt,winkte,winkte,saludar,con la mano desde lejos,Akk,0/0,0/0,0/0
einhalten,hält ein,hat eingehalten,hielt ein,hält ein,cumplir,-,Akk,0/0,0/0,0/0
achten,achtet,hat geachtet,achtete,achtete,respetar/considerar,-,Akk,0/0,0/0,0/0
besorgen,besorgt,hat besorgt,besorgte,besorgte,conseguir,-,Akk,0/0,0/0,0/0
empfehlen,empfiehlt,hat empfohlen,empfahl,empföhle,recomendar,-,AkkDat,0/0,0/0,0/0
buchsstabieren,buchstabiert,hat buchstabiert,buchstabierte,buchstabierte,deletrear,-,Akk,0/0,0/0,0/0
empfunden,empfindet,hat empfunden,empfand,empfände,sentir,sentimientos,Akk,0/0,0/0,0/0
fühlen,fühlt,hat gefühlt,fühlte,fühlte,sentir,sensaciones físicas o emocionales,Akk,0/0,0/0,0/0
zunicken,zunickt,hat zugenickt,zunickte,zunickte,asentir,-,Akk,0/0,0/0,0/0
benuzten,benuzt,hat benuzt,benuzte,benuzte,usar,general,Akk,0/0,0/0,0/0
verwenden,verwendet,hat verwendet,verwendete,verwendete,usar,más formal o técnico,Akk,0/0,0/0,0/0
duzen,duzt,hat geduzt,duzte,duzte,tutear,-,Akk,0/0,0/0,0/0
siezen,siezt,hat gesiezt,siezte,siezte,tratar de usted,-,Akk,0/0,0/0,0/0
vertrauen,vertraut,hat vertraut,vertraute,vertraute,confiar,-,Dat,0/0,0/0,0/0
umarmen,umarmt,hat umarmt,umarmte,umarmte,abrazar,-,Akk,0/0,0/0,0/0
vorstellen,stellt vor,hat vorgestellt,stelle vor,stelle vor,imaginar/presentar,-,Akk,0/0,0/0,0/0
vorlegen,legt vor,hat vorgelegt,legte vor,legte vor,entregar,entregar algo formalmente,-,0/0,0/0,0/0
schütteln,schüttelt,hat geschüttelt,schüttelte,schüttelte,agitar,-,Akk,0/0,0/0,0/0
vorschlagen,schlägt vor,hat vorgeschlagen,schlug vor,schlüge vor,sugerir,-,Akk,0/0,0/0,0/0
überzeugen,überzeugt,hat überzeugt,überzeugte,überzeugte,convencer,-,Akk,0/0,0/0,0/0
erreichen,erreicht,hat erreicht,erreichte,erreichte,lograr/alcanzar,general,Akk,0/0,0/0,0/0
schaffen,schafft,hat geschafft,schaffte,schaffte,lograr,lograr algo con esfuerzo,Akk,0/0,0/0,0/0
kritisieren,kritisiert,hat kritisiert,kritisierte,kritisierte,críticar,-,Akk,0/0,0/0,0/0
lügen,lügt,hat gelogen,lügte,lügte,mentir,-,Akk,0/0,0/0,0/0
verlangen,verlangt,hat verlangt,verlangte,verlangte,exigir,-,Akk,0/0,0/0,0/0
fordern,fordert,hat gefordert,forderte,forderte,exigir,-,Akk,0/0,0/0,0/0
bewerben,bewirbt,hat beworben,bewarb,bewürbe,solicitar/postularse,-,Akk,0/0,0/0,0/0
beantragen,beantragt,hat beantragt,beantragte,beantragte,solicitar,solicitar algo formalmente,Akk,0/0,0/0,0/0
dauern,dauert,hat gedauert,dauerte,dauerte,durar,-,Akk,0/0,0/0,0/0
kämpfen,kämpft,hat gekämpft,kämpfte,kämpfte,pelear,-,Akk,0/0,0/0,0/0
lösen,löst,hat gelöst,löste,löste,resolver,-,Akk,0/0,0/0,0/0
sollen,soll,hat gesollt,sollte,sollte,deber,-,Akk,0/0,0/0,0/0
aufregen,regt auf,hat aufgeregt,regte auf,regte auf,alterar/excitar,-,Akk,0/0,0/0,0/0
ausruhen,ruht aus,hat ausgeruht,ruhte aus,ruhte aus,descansar,-,-,0/0,0/0,0/0
beschweren,beschwert sich,hat sich beschwert,beschwerte sich,beschwerte sich,quejarse,-,Dat,0/0,0/0,0/0
klagen,klagt,hat geklagt,klagte,klagte,quejarse,-,-,0/0,0/0,0/0
meckern,meckert,hat gemeckert,meckerte,meckerte,quejarse,-,-,0/0,0/0,0/0
quengeln,quengelt,hat gequengelt,quengelte,quengelte,quejarse infantilmente,-,-,0/0,0/0,0/0
freuen,freut sich,hat sich gefreut,freute sich,freute sich,alegrarse,-,Akk,0/0,0/0,0/0
interessieren,interessiert sich,hat sich interessiert,interessierte sich,interessierte sich,interesar,-,Akk,0/0,0/0,0/0
küssen,küsst,hat geküsst,küsste,küsste,besar,-,Akk,0/0,0/0,0/0
raten,rät,hat geraten,riet,riete,aconsejar/adivinar,-,Dat,0/0,0/0,0/0
beraten,berät,hat beraten,beriet,beriete,aconsejar,dar consejo formal,Akk,0/0,0/0,0/0
abmelden,meldet ab,hat abgemeldet,meldete ab,meldete ab,darse de baja,-,Akk,0/0,0/0,0/0
anmelden,meldet an,hat angemeldet,meldete an,meldete an,registrarse,-,Akk,0/0,0/0,0/0
prüfen,prüft,hat geprüft,prüfte,prüfte,examinar,-,Akk,0/0,0/0,0/0
untersuchen,untersucht,hat untersucht,untersuchte,untersuchte,examinar,-,Akk,0/0,0/0,0/0
sorgen,sorgt,hat gesorgt,sorgte,sorgte,preocuparse por,-,Akk,0/0,0/0,0/0
tanken,tankt,hat getankt,tankte,tankte,llenar el tanque,-,Akk,0/0,0/0,0/0
verbrauchen,verbraucht,hat verbraucht,verbrauchte,verbrauchte,consumir,-,Akk,0/0,0/0,0/0
warnen,warnt,hat gewarnt,warnte,warnte,advertir,-,Akk,0/0,0/0,0/0
entschuldigen,entschuldigt sich,hat sich entschuldigt,entschuldigte sich,entschuldigte sich,disculparse,-,-,0/0,0/0,0/0
erziehen,erzieht,hat erzogen,erzog,erzüge,educar,-,Akk,0/0,0/0,0/0
hassen,hasst,hat gehasst,hasste,hasste,odiar,-,Akk,0/0,0/0,0/0
kümmern,kümmert sich,hat sich gekümmert,kümmerte sich,kümmerte sich,ocuparse de,-,Akk,0/0,0/0,0/0
langweilen,langweilt sich,hat sich gelangweilt,langweilte sich,langweilte sich,aburrirse,-,Akk,0/0,0/0,0/0
schlagen,schlägt,hat geschlagen,schlug,schlüge,golpear,-,Akk,0/0,0/0,0/0
sparen,spart,hat gespart,sparte,sparte,ahorrar,-,Akk,0/0,0/0,0/0
streiten,streitet sich,hat sich gestritten,stritt sich,stritte sich,pelearse,-,-,0/0,0/0,0/0
töten,tötet,hat getötet,tötete,tötete,matar,-,Akk,0/0,0/0,0/0
fließen,fließt,ist geflossen,floss,flösse,fluir,-,-,0/0,0/0,0/0
mitmachen,macht mit,hat mitgemacht,machte mit,machte mit,participar,-,-,0/0,0/0,0/0
trennen,trennt,hat getrennt,trennte,trennte,separar,-,Akk,0/0,0/0,0/0
überraschen,überrascht,hat überrascht,überraschte,überraschte,sorprender,-,Akk,0/0,0/0,0/0
verbrennen,verbrennt,hat verbrannt,verbrannte,verbrannte,quemar,-,Akk,0/0,0/0,0/0
einigen,einigt sich,hat sich geeinigt,einigte sich,einigte sich,ponerse de acuerdo,-,-,0/0,0/0,0/0
einwandern,wandert ein,ist eingewandert,wanderte ein,wanderte ein,inmigrar,-,-,0/0,0/0,0/0
erkennen,erkennt,hat erkannt,erkannte,erkennte,reconocer,-,Akk,0/0,0/0,0/0
gewöhnen,gewöhnt sich,hat sich gewöhnt,gewöhnte sich,gewöhnte sich,acostumbrarse,-,Akk,0/0,0/0,0/0
reservieren,reserviert,hat reserviert,reservierte,reservierte,reservar,-,Akk,0/0,0/0,0/0
retten,rettet,hat gerettet,rettete,rettete,salvar,-,Akk,0/0,0/0,0/0
wiegen,wiegt,hat gewogen,wog,wöge,pesar,-,Akk,0/0,0/0,0/0
begleiten,begleitet,hat begleitet,begleitete,begleitete,acompañar,-,Akk,0/0,0/0,0/0
demonstrieren,demonstriert,hat demonstriert,demonstrierte,demonstrierte,demostrar,-,Akk,0/0,0/0,0/0
vormachen,macht vor,hat vorgemacht,machte vor,machte vor,demostrar/enseñar,mostrar como se hace algo,-,0/0,0/0,0/0
erweisen,erweist,hat erwiesen,erwies,erwiese,demostrar,hechos o pruebas,Dat,0/0,0/0,0/0
täuschen,täuscht,hat getäuscht,täuschte,täuschte,engañar,-,-,0/0,0/0,0/0
entschließen,entschließt sich,hat sich entschlossen,entschloss sich,entschlösse sich,decidirse,-,-,0/0,0/0,0/0
unterschreiben,unterschreibt,hat unterschrieben,unterschrieb,unterschriebe,firmar,-,Akk,0/0,0/0,0/0
unterzeichnen,unterzeichnet,hat unterzeichnet,unterzeichnete,unterzeichnete,firmar,-,-,0/0,0/0,0/0
kürzen,kürzt,hat gekürzt,kürzte,kürzte,acortar/reducir,-,Akk,0/0,0/0,0/0
schweigen,schweigt,hat geschwiegen,schwieg,schwiege,callar/guardar silencio,-,-,0/0,0/0,0/0
verzweifeln,verzweifelt,ist verzweifelt,verzweifelte,verzweifelte,desesperarse,-,-,0/0,0/0,0/0
stammeln,stammelt,hat gestammelt,stammelte,stammelte,balbucear,-,-,0/0,0/0,0/0
jammern,jammert,hat gejammert,jammerte,jammerte,lloriquear,-,-,0/0,0/0,0/0
ächzen,ächzt,hat geächzt,ächzte,ächzte,gemir,-,-,0/0,0/0,0/0
raunen,raunt,hat geraunt,raunte,raunte,murmurar,-,-,0/0,0/0,0/0
nuscheln,nuschelt,hat genuschelt,nuschelte,nuschelte,murmurar entre dientes,-,-,0/0,0/0,0/0
lästern,lästert,hat gelästert,lästerte,lästerte,murmurar/calumniar,-,-,0/0,0/0,0/0
seufzen,seufzt,hat geseufzt,seufzte,seufzte,suspirar,-,-,0/0,0/0,0/0
äußern,äußert,hat geäußert,äußerte,äußerte,expresar,-,-,0/0,0/0,0/0
ausatmen,atmet aus,hat ausgeatmet,atmete aus,atmete aus,exhalar,-,-,0/0,0/0,0/0
stottern,stottert,hat gestottert,stotterte,stotterte,tartamudear,-,-,0/0,0/0,0/0
lispeln,lispelt,hat gelispelt,lispelte,lispelte,cecear,-,-,0/0,0/0,0/0
prahlen,prahlt,hat geprahlt,prahlte,prahlte,jactarse,-,-,0/0,0/0,0/0
petzen,petzt,hat gepetzt,petzte,petzte,chismear,-,-,0/0,0/0,0/0
tratschen,tratscht,hat getratscht,tratschte,tratschte,chismear,-,-,0/0,0/0,0/0
vortragen,trägt vor,hat vorgetragen,trug vor,trüge vor,recitar/exponer,-,-,0/0,0/0,0/0
motzen,motzt,hat gemotzt,motzte,motzte,refunfuñar,-,-,0/0,0/0,0/0
nörgeln,nörgelt,hat genörgelt,nörgelte,nörgelte,criticar constantemente,-,-,0/0,0/0,0/0
ermahnen,ermahnt,hat ermahnt,ermahnte,ermahnte,amonestar,-,-,0/0,0/0,0/0
verletzen,verletzt,hat verletzt,verletzte,verletzte,lastimar/herir,-,Akk,0/0,0/0,0/0
brüllen,brüllt,hat gebrüllt,brüllte,brüllte,gritar,-,-,0/0,0/0,0/0
grölen,grölt,hat gegrölt,grölte,grölte,gritar fuerte,-,-,0/0,0/0,0/0
kreischen,kreischt,hat gekreischt,kreischte,kreischte,gritar chillando,-,-,0/0,0/0,0/0
stöhnen,stöhnt,hat gestöhnt,stöhnte,stöhnte,gimotear,-,-,0/0,0/0,0/0
jubeln,jubelt,hat gejubelt,jubelte,jubelte,vitorear,-,-,0/0,0/0,0/0
unterdrücken,unterdrückt,hat unterdrückt,unterdrückte,unterdrückte,reprimir,-,Akk,0/0,0/0,0/0
verdrängen,verdrängt,hat verdrängt,verdrängte,verdrängte,suprimir/desplazar,-,Akk,0/0,0/0,0/0
missfallen,missfällt,hat missfallen,missfiel,missfiele,desagradar,-,Dat,0/0,0/0,0/0
beherrschen,beherrscht,hat beherrscht,beherrschte,beherrschte,dominar,-,Akk,0/0,0/0,0/0
bejahen,bejaht,hat bejaht,bejahte,bejahte,afirmar,-,-,0/0,0/0,0/0
verneinen,verneint,hat verneint,verneinte,verneinte,negar,-,-,0/0,0/0,0/0
aussprechen,spricht aus,hat ausgesprochen,sprach aus,späche aus,pronunciar,-,-,0/0,0/0,0/0
sticken,stickt,hat gestickt,stickte,stickte,bordar,-,-,0/0,0/0,0/0
widerrufen,widerruft,hat widerrufen,widerrief,widerriefe,retractarse,-,-,0/0,0/0,0/0
erstatten,erstattet,hat erstattet,erstattete,erstattete,reembolsar,-,-,0/0,0/0,0/0
stillen,stillt,hat gestillt,stillte,stillte,calmar/amamantar,-,-,0/0,0/0,0/0
anpassen,passt an,hat angepasst,passte an,passte an,adaptar,-,-,0/0,0/0,0/0
wippen,wippt,hat gewippt,wippte,wippte,oscilar,-,-,0/0,0/0,0/0
rutschen,rutscht,ist gerutscht,rutschte,rutschte,resbalar,-,-,0/0,0/0,0/0
schaukeln,schaukelt,hat geschaukelt,schaukelte,schaukelte,columpiarse,-,-,0/0,0/0,0/0
erkranken,erkrankt,ist erkrankt,erkrankte,erkrankte,enfermarse,-,-,0/0,0/0,0/0
unterstützen,unterstützt,hat unterstützt,unterstützte,unterstützte,apoyar,-,Akk,0/0,0/0,0/0
auskommen,kommt aus,ist ausgekommen,kam aus,käme aus,entenderse con,-,Dat,0/0,0/0,0/0
zurechtkommen,kommt zurecht,ist zurechtgekommen,kam zurecht,käme zurecht,arreglárselas,-,Dat,0/0,0/0,0/0
aushalten,hält aus,hat ausgehalten,hielt aus,hält aus,soportar,-,Akk,0/0,0/0,0/0
flirten,flirtet,hat geflirtet,flirtete,flirtete,flirtear,-,Akk,0/0,0/0,0/0
vermissen,vermisst,hat vermisst,vermisste,vermisste,extrañar,-,Akk,0/0,0/0,0/0
verlieben,verliebt,hat verliebt,verliebte,verliebte,enamorarse,-,Akk,0/0,0/0,0/0
verloben,verlobt,hat verlobt,verlobte,verlobte,comprometerse,-,Akk,0/0,0/0,0/0
zussamenleben,lebt zusammen,hat zusammengelebt,lebte zusammen,lebte zusammen,convivir/vivir juntos,-,Dat,0/0,0/0,0/0
gernhaben,hat gern,hat gerngehabt,habe gern,hab gern,gustar/agradar,-,Akk,0/0,0/0,0/0
schmusen,schmust,hat geschmust,schmuste,schmuste,acurrucarse/besarse,con caricias,Akk,0/0,0/0,0/0
verführen,verführt,hat verführt,verführte,verführte,seducir,-,Akk,0/0,0/0,0/0
sehnen,sehnt,hat gesehnt,sehnte,sehnte,anhelar/añorar,-,Akk,0/0,0/0,0/0
